created_at,created_by,updated_at,updated_by,beneficiary_id,policy_id,first_name,last_name,email,phone_number,active
2023-10-20 10:00:00,seed_generator,2023-10-29 10:00:00,seed_generator,BE0000001,PO0000001,Brenda,Stark,brenda.stark.1@example.co.ke,+254732717056,True
2024-12-23 10:00:00,seed_generator,2025-01-11 10:00:00,seed_generator,BE0000002,PO0000002,Kim,Mathis,kim.mathis.2@example.co.ke,+254769352435,True
2024-03-18 10:00:00,seed_generator,2024-03-22 10:00:00,seed_generator,BE0000003,PO0000003,Michelle,Yu,michelle.yu.3@example.co.ke,+254769118000,True
2025-11-01 10:00:00,seed_generator,2025-11-30 10:00:00,seed_generator,BE0000004,PO0000004,Nathaniel,Mcmahon,nathaniel.mcmahon.4@example.co.ke,+254741338443,True
2025-05-26 10:00:00,seed_generator,2025-06-16 10:00:00,seed_generator,BE0000005,PO0000005,Randall,Garcia,randall.garcia.5@example.co.ke,+254760173377,True
2025-07-10 10:00:00,seed_generator,2025-08-03 10:00:00,seed_generator,BE0000006,PO0000006,Kevin,Taylor,kevin.taylor.6@example.co.ke,+254721517819,True
2025-08-23 10:00:00,seed_generator,2025-09-15 10:00:00,seed_generator,BE0000007,PO0000007,Eric,Fry,eric.fry.7@example.co.ke,+254717319968,True
2025-04-12 10:00:00,seed_generator,2025-05-12 10:00:00,seed_generator,BE0000008,PO0000008,Latoya,Yu,latoya.yu.8@example.co.ke,+254793349536,True
2025-07-18 10:00:00,seed_generator,2025-08-14 10:00:00,seed_generator,BE0000009,PO0000009,Debra,Thompson,debra.thompson.9@example.co.ke,+254748612439,True
2025-12-02 10:00:00,seed_generator,2025-12-12 10:00:00,seed_generator,BE0000010,PO0000010,Tanya,Steele,tanya.steele.10@example.co.ke,+254724935479,True
2025-02-07 10:00:00,seed_generator,2025-02-21 10:00:00,seed_generator,BE0000011,PO0000011,Sarah,Buchanan,sarah.buchanan.11@example.co.ke,+254773242092,True
2025-11-23 10:00:00,seed_generator,2025-12-03 10:00:00,seed_generator,BE0000012,PO0000012,Jeffrey,Chapman,jeffrey.chapman.12@example.co.ke,+254738052785,True
2023-11-20 10:00:00,seed_generator,2023-12-07 10:00:00,seed_generator,BE0000013,PO0000013,Gregory,Parker,gregory.parker.13@example.co.ke,+254738437423,True
2025-05-22 10:00:00,seed_generator,2025-06-08 10:00:00,seed_generator,BE0000014,PO0000014,Haley,Anderson,haley.anderson.14@example.co.ke,+254780231557,True
2023-11-09 10:00:00,seed_generator,2023-11-17 10:00:00,seed_generator,BE0000015,PO0000015,Jessica,Rush,jessica.rush.15@example.co.ke,+254783658696,True
2024-08-09 10:00:00,seed_generator,2024-08-28 10:00:00,seed_generator,BE0000016,PO0000016,Stacy,Myers,stacy.myers.16@example.co.ke,+254728971329,True
2024-01-05 10:00:00,seed_generator,2024-01-27 10:00:00,seed_generator,BE0000017,PO0000017,Virginia,Sanford,virginia.sanford.17@example.co.ke,+254799692417,True
2025-11-28 10:00:00,seed_generator,2025-12-10 10:00:00,seed_generator,BE0000018,PO0000018,Antonio,Guzman,antonio.guzman.18@example.co.ke,+254788249598,True
2024-02-06 10:00:00,seed_generator,2024-02-22 10:00:00,seed_generator,BE0000019,PO0000019,Samantha,Ponce,samantha.ponce.19@example.co.ke,+254715836056,True
2025-03-30 10:00:00,seed_generator,2025-04-04 10:00:00,seed_generator,BE0000020,PO0000020,Jeffrey,Cunningham,jeffrey.cunningham.20@example.co.ke,+254718067834,True
2025-03-01 10:00:00,seed_generator,2025-03-07 10:00:00,seed_generator,BE0000021,PO0000021,Sharon,Taylor,sharon.taylor.21@example.co.ke,+254792941828,True
2025-03-14 10:00:00,seed_generator,2025-03-15 10:00:00,seed_generator,BE0000022,PO0000022,Julie,Young,julie.young.22@example.co.ke,+254772405984,True
2024-02-15 10:00:00,seed_generator,2024-03-16 10:00:00,seed_generator,BE0000023,PO0000023,Toni,Jackson,toni.jackson.23@example.co.ke,+254711118594,True
2025-10-09 10:00:00,seed_generator,2025-10-21 10:00:00,seed_generator,BE0000024,PO0000024,Nicole,Davis,nicole.davis.24@example.co.ke,+254798633740,True
2025-03-14 10:00:00,seed_generator,2025-04-04 10:00:00,seed_generator,BE0000025,PO0000025,Jenna,Fowler,jenna.fowler.25@example.co.ke,+254798597172,True
2024-12-13 10:00:00,seed_generator,2025-01-09 10:00:00,seed_generator,BE0000026,PO0000026,Olivia,Griffin,olivia.griffin.26@example.co.ke,+254724480943,True
2025-11-27 10:00:00,seed_generator,2025-12-06 10:00:00,seed_generator,BE0000027,PO0000027,Joseph,Wright,joseph.wright.27@example.co.ke,+254797162488,True
2024-11-16 10:00:00,seed_generator,2024-11-23 10:00:00,seed_generator,BE0000028,PO0000028,Carlos,Scott,carlos.scott.28@example.co.ke,+254761096850,True
2024-07-14 10:00:00,seed_generator,2024-08-05 10:00:00,seed_generator,BE0000029,PO0000029,Daniel,Smith,daniel.smith.29@example.co.ke,+254723368583,True
2025-01-27 10:00:00,seed_generator,2025-02-11 10:00:00,seed_generator,BE0000030,PO0000030,Paul,Oconnor,paul.oconnor.30@example.co.ke,+254790142265,True
2024-06-20 10:00:00,seed_generator,2024-06-22 10:00:00,seed_generator,BE0000031,PO0000031,Tanya,Wilkerson,tanya.wilkerson.31@example.co.ke,+254735020518,True
2025-05-27 10:00:00,seed_generator,2025-06-12 10:00:00,seed_generator,BE0000032,PO0000032,Trevor,Gray,trevor.gray.32@example.co.ke,+254771469875,True
2024-05-21 10:00:00,seed_generator,2024-06-19 10:00:00,seed_generator,BE0000033,PO0000033,Amy,Garcia,amy.garcia.33@example.co.ke,+254712884132,True
2025-11-06 10:00:00,seed_generator,2025-11-13 10:00:00,seed_generator,BE0000034,PO0000034,Timothy,Shields,timothy.shields.34@example.co.ke,+254781056927,True
2025-02-07 10:00:00,seed_generator,2025-02-17 10:00:00,seed_generator,BE0000035,PO0000035,Debra,Mcdaniel,debra.mcdaniel.35@example.co.ke,+254775757673,True
2024-11-09 10:00:00,seed_generator,2024-12-02 10:00:00,seed_generator,BE0000036,PO0000036,Francisco,Jones,francisco.jones.36@example.co.ke,+254731072888,True
2025-11-28 10:00:00,seed_generator,2025-12-09 10:00:00,seed_generator,BE0000037,PO0000037,Megan,Phillips,megan.phillips.37@example.co.ke,+254757232974,True
2024-12-18 10:00:00,seed_generator,2025-01-07 10:00:00,seed_generator,BE0000038,PO0000038,Lucas,Lynn,lucas.lynn.38@example.co.ke,+254750577537,True
2025-04-19 10:00:00,seed_generator,2025-05-05 10:00:00,seed_generator,BE0000039,PO0000039,Charles,Jackson,charles.jackson.39@example.co.ke,+254747027755,True
2023-09-07 10:00:00,seed_generator,2023-09-08 10:00:00,seed_generator,BE0000040,PO0000040,Nicholas,Dennis,nicholas.dennis.40@example.co.ke,+254793992429,True
2025-03-28 10:00:00,seed_generator,2025-04-25 10:00:00,seed_generator,BE0000041,PO0000041,Amy,Villanueva,amy.villanueva.41@example.co.ke,+254761965156,True
2023-09-04 10:00:00,seed_generator,2023-09-04 10:00:00,seed_generator,BE0000042,PO0000042,Christopher,Wheeler,christopher.wheeler.42@example.co.ke,+254784482698,True
2025-03-05 10:00:00,seed_generator,2025-03-12 10:00:00,seed_generator,BE0000043,PO0000043,Christina,Webb,christina.webb.43@example.co.ke,+254730361927,True
2025-01-01 10:00:00,seed_generator,2025-01-29 10:00:00,seed_generator,BE0000044,PO0000044,Anthony,Dunlap,anthony.dunlap.44@example.co.ke,+254762726977,True
2024-02-13 10:00:00,seed_generator,2024-02-17 10:00:00,seed_generator,BE0000045,PO0000045,Frederick,Preston,frederick.preston.45@example.co.ke,+254721783647,True
2023-11-30 10:00:00,seed_generator,2023-12-12 10:00:00,seed_generator,BE0000046,PO0000046,Eric,Garcia,eric.garcia.46@example.co.ke,+254779889565,True
2024-01-22 10:00:00,seed_generator,2024-02-10 10:00:00,seed_generator,BE0000047,PO0000047,Jamie,Lee,jamie.lee.47@example.co.ke,+254793956490,True
2024-01-14 10:00:00,seed_generator,2024-01-21 10:00:00,seed_generator,BE0000048,PO0000048,Heidi,Bowen,heidi.bowen.48@example.co.ke,+254766013532,True
2025-04-14 10:00:00,seed_generator,2025-05-02 10:00:00,seed_generator,BE0000049,PO0000049,Jessica,Baker,jessica.baker.49@example.co.ke,+254730501644,True
2024-10-06 10:00:00,seed_generator,2024-10-15 10:00:00,seed_generator,BE0000050,PO0000050,Juan,Young,juan.young.50@example.co.ke,+254791251236,True
2025-01-13 10:00:00,seed_generator,2025-01-27 10:00:00,seed_generator,BE0000051,PO0000051,Brandon,Armstrong,brandon.armstrong.51@example.co.ke,+254782777382,True
2025-08-04 10:00:00,seed_generator,2025-08-10 10:00:00,seed_generator,BE0000052,PO0000052,Mary,Hernandez,mary.hernandez.52@example.co.ke,+254797573396,True
2025-07-28 10:00:00,seed_generator,2025-08-15 10:00:00,seed_generator,BE0000053,PO0000053,Michael,Patterson,michael.patterson.53@example.co.ke,+254782659280,True
2024-01-16 10:00:00,seed_generator,2024-02-10 10:00:00,seed_generator,BE0000054,PO0000054,Kelly,Stanley,kelly.stanley.54@example.co.ke,+254737153619,True
2025-07-28 10:00:00,seed_generator,2025-08-06 10:00:00,seed_generator,BE0000055,PO0000055,Caroline,Gonzalez,caroline.gonzalez.55@example.co.ke,+254780303981,True
2025-07-31 10:00:00,seed_generator,2025-08-13 10:00:00,seed_generator,BE0000056,PO0000056,Anthony,Jackson,anthony.jackson.56@example.co.ke,+254729482024,True
2024-02-14 10:00:00,seed_generator,2024-03-14 10:00:00,seed_generator,BE0000057,PO0000057,Kelly,Miller,kelly.miller.57@example.co.ke,+254785812116,True
2025-07-08 10:00:00,seed_generator,2025-07-18 10:00:00,seed_generator,BE0000058,PO0000058,Megan,Parker,megan.parker.58@example.co.ke,+254719101846,True
2024-05-25 10:00:00,seed_generator,2024-06-11 10:00:00,seed_generator,BE0000059,PO0000059,Raymond,Burns,raymond.burns.59@example.co.ke,+254725889673,True
2025-06-11 10:00:00,seed_generator,2025-06-21 10:00:00,seed_generator,BE0000060,PO0000060,Donna,Davis,donna.davis.60@example.co.ke,+254729531743,True
2023-12-03 10:00:00,seed_generator,2023-12-03 10:00:00,seed_generator,BE0000061,PO0000061,Amy,Lopez,amy.lopez.61@example.co.ke,+254752773504,True
2024-10-19 10:00:00,seed_generator,2024-11-18 10:00:00,seed_generator,BE0000062,PO0000062,Nicole,Wood,nicole.wood.62@example.co.ke,+254765197277,True
2025-02-09 10:00:00,seed_generator,2025-02-23 10:00:00,seed_generator,BE0000063,PO0000063,Sean,Baker,sean.baker.63@example.co.ke,+254795476210,True
2023-11-21 10:00:00,seed_generator,2023-11-29 10:00:00,seed_generator,BE0000064,PO0000064,Steven,Perez,steven.perez.64@example.co.ke,+254730395330,True
2023-10-11 10:00:00,seed_generator,2023-10-17 10:00:00,seed_generator,BE0000065,PO0000065,Joseph,Brown,joseph.brown.65@example.co.ke,+254724330619,True
2025-08-04 10:00:00,seed_generator,2025-08-09 10:00:00,seed_generator,BE0000066,PO0000066,Karen,Contreras,karen.contreras.66@example.co.ke,+254713516265,True
2023-10-28 10:00:00,seed_generator,2023-11-16 10:00:00,seed_generator,BE0000067,PO0000067,Christopher,Cooper,christopher.cooper.67@example.co.ke,+254792805158,True
2025-03-18 10:00:00,seed_generator,2025-04-06 10:00:00,seed_generator,BE0000068,PO0000068,Amber,Arellano,amber.arellano.68@example.co.ke,+254786107235,True
2024-03-29 10:00:00,seed_generator,2024-04-05 10:00:00,seed_generator,BE0000069,PO0000069,Brittany,Spencer,brittany.spencer.69@example.co.ke,+254790042177,True
2025-04-23 10:00:00,seed_generator,2025-04-30 10:00:00,seed_generator,BE0000070,PO0000070,Mary,Cardenas,mary.cardenas.70@example.co.ke,+254713501001,True
2024-12-14 10:00:00,seed_generator,2024-12-16 10:00:00,seed_generator,BE0000071,PO0000071,Robert,Nichols,robert.nichols.71@example.co.ke,+254773968467,True
2025-08-01 10:00:00,seed_generator,2025-08-17 10:00:00,seed_generator,BE0000072,PO0000072,Michelle,Wells,michelle.wells.72@example.co.ke,+254791163038,True
2024-08-23 10:00:00,seed_generator,2024-09-14 10:00:00,seed_generator,BE0000073,PO0000073,Nicole,Alvarez,nicole.alvarez.73@example.co.ke,+254797183615,True
2024-11-29 10:00:00,seed_generator,2024-12-04 10:00:00,seed_generator,BE0000074,PO0000074,Christian,Orr,christian.orr.74@example.co.ke,+254762004039,True
2024-07-31 10:00:00,seed_generator,2024-08-15 10:00:00,seed_generator,BE0000075,PO0000075,Jennifer,Shaw,jennifer.shaw.75@example.co.ke,+254728456645,True
2025-07-02 10:00:00,seed_generator,2025-07-08 10:00:00,seed_generator,BE0000076,PO0000076,Rachel,Mcbride,rachel.mcbride.76@example.co.ke,+254740369856,True
2025-11-13 10:00:00,seed_generator,2025-11-26 10:00:00,seed_generator,BE0000077,PO0000077,Erica,Oliver,erica.oliver.77@example.co.ke,+254712015179,True
2025-03-15 10:00:00,seed_generator,2025-04-14 10:00:00,seed_generator,BE0000078,PO0000078,David,Todd,david.todd.78@example.co.ke,+254765437830,True
2025-05-03 10:00:00,seed_generator,2025-05-26 10:00:00,seed_generator,BE0000079,PO0000079,Gerald,Joyce,gerald.joyce.79@example.co.ke,+254737223861,True
2023-11-02 10:00:00,seed_generator,2023-11-08 10:00:00,seed_generator,BE0000080,PO0000080,Teresa,Stokes,teresa.stokes.80@example.co.ke,+254718876667,True
2025-06-18 10:00:00,seed_generator,2025-07-17 10:00:00,seed_generator,BE0000081,PO0000081,David,Henderson,david.henderson.81@example.co.ke,+254768959861,True
2024-03-25 10:00:00,seed_generator,2024-04-09 10:00:00,seed_generator,BE0000082,PO0000082,Vanessa,Graham,vanessa.graham.82@example.co.ke,+254753606752,True
2024-09-04 10:00:00,seed_generator,2024-10-02 10:00:00,seed_generator,BE0000083,PO0000083,Wendy,Burton,wendy.burton.83@example.co.ke,+254743122766,True
2024-10-05 10:00:00,seed_generator,2024-10-17 10:00:00,seed_generator,BE0000084,PO0000084,Mary,Scott,mary.scott.84@example.co.ke,+254715613827,True
2024-04-03 10:00:00,seed_generator,2024-04-26 10:00:00,seed_generator,BE0000085,PO0000085,Renee,Sloan,renee.sloan.85@example.co.ke,+254761052956,True
2023-12-10 10:00:00,seed_generator,2023-12-20 10:00:00,seed_generator,BE0000086,PO0000086,Carl,Hughes,carl.hughes.86@example.co.ke,+254762902012,True
2024-03-30 10:00:00,seed_generator,2024-04-29 10:00:00,seed_generator,BE0000087,PO0000087,Ray,Nguyen,ray.nguyen.87@example.co.ke,+254786763742,True
2024-04-17 10:00:00,seed_generator,2024-05-04 10:00:00,seed_generator,BE0000088,PO0000088,Joshua,Ellis,joshua.ellis.88@example.co.ke,+254780495248,True
2024-02-29 10:00:00,seed_generator,2024-03-28 10:00:00,seed_generator,BE0000089,PO0000089,Morgan,Buchanan,morgan.buchanan.89@example.co.ke,+254715168989,True
2024-07-01 10:00:00,seed_generator,2024-07-04 10:00:00,seed_generator,BE0000090,PO0000090,Cindy,Mills,cindy.mills.90@example.co.ke,+254770614013,True
2024-09-05 10:00:00,seed_generator,2024-10-01 10:00:00,seed_generator,BE0000091,PO0000091,Robert,Perry,robert.perry.91@example.co.ke,+254715692967,True
2025-04-09 10:00:00,seed_generator,2025-04-25 10:00:00,seed_generator,BE0000092,PO0000092,Eddie,Matthews,eddie.matthews.92@example.co.ke,+254782191574,True
2024-11-06 10:00:00,seed_generator,2024-11-29 10:00:00,seed_generator,BE0000093,PO0000093,Katherine,Ayers,katherine.ayers.93@example.co.ke,+254715268263,True
2024-05-24 10:00:00,seed_generator,2024-06-05 10:00:00,seed_generator,BE0000094,PO0000094,Sara,Hart,sara.hart.94@example.co.ke,+254779273350,True
2023-10-25 10:00:00,seed_generator,2023-11-14 10:00:00,seed_generator,BE0000095,PO0000095,Craig,Mitchell,craig.mitchell.95@example.co.ke,+254716616323,True
2025-06-05 10:00:00,seed_generator,2025-06-14 10:00:00,seed_generator,BE0000096,PO0000096,Amanda,Cooper,amanda.cooper.96@example.co.ke,+254768995922,True
2024-11-04 10:00:00,seed_generator,2024-12-02 10:00:00,seed_generator,BE0000097,PO0000097,Robert,Reyes,robert.reyes.97@example.co.ke,+254750876565,True
2023-10-16 10:00:00,seed_generator,2023-11-11 10:00:00,seed_generator,BE0000098,PO0000098,Todd,Lynch,todd.lynch.98@example.co.ke,+254748374806,True
2024-08-31 10:00:00,seed_generator,2024-09-05 10:00:00,seed_generator,BE0000099,PO0000099,Benjamin,Hill,benjamin.hill.99@example.co.ke,+254766701914,True
2025-02-18 10:00:00,seed_generator,2025-03-09 10:00:00,seed_generator,BE0000100,PO0000100,Douglas,Franklin,douglas.franklin.100@example.co.ke,+254717321129,True
2024-01-10 10:00:00,seed_generator,2024-01-26 10:00:00,seed_generator,BE0000101,PO0000101,Heather,Williams,heather.williams.101@example.co.ke,+254729091078,True
2024-08-29 10:00:00,seed_generator,2024-09-24 10:00:00,seed_generator,BE0000102,PO0000102,Pamela,Rivera,pamela.rivera.102@example.co.ke,+254796718276,True
2024-09-10 10:00:00,seed_generator,2024-09-12 10:00:00,seed_generator,BE0000103,PO0000103,John,Reese,john.reese.103@example.co.ke,+254777197151,True
2025-08-23 10:00:00,seed_generator,2025-08-28 10:00:00,seed_generator,BE0000104,PO0000104,Samantha,Prince,samantha.prince.104@example.co.ke,+254788577462,True
2024-01-04 10:00:00,seed_generator,2024-01-21 10:00:00,seed_generator,BE0000105,PO0000105,Andrew,Roth,andrew.roth.105@example.co.ke,+254728160554,True
2024-11-09 10:00:00,seed_generator,2024-11-22 10:00:00,seed_generator,BE0000106,PO0000106,Kevin,Ramirez,kevin.ramirez.106@example.co.ke,+254753414191,True
2024-09-11 10:00:00,seed_generator,2024-09-11 10:00:00,seed_generator,BE0000107,PO0000107,Travis,Horton,travis.horton.107@example.co.ke,+254734008676,True
2024-09-08 10:00:00,seed_generator,2024-09-26 10:00:00,seed_generator,BE0000108,PO0000108,Corey,Melton,corey.melton.108@example.co.ke,+254737102854,True
2024-09-07 10:00:00,seed_generator,2024-09-09 10:00:00,seed_generator,BE0000109,PO0000109,Dennis,Mccann,dennis.mccann.109@example.co.ke,+254743565477,True
2025-01-19 10:00:00,seed_generator,2025-02-10 10:00:00,seed_generator,BE0000110,PO0000110,Scott,Petersen,scott.petersen.110@example.co.ke,+254797050454,True
2023-12-19 10:00:00,seed_generator,2024-01-13 10:00:00,seed_generator,BE0000111,PO0000111,Joseph,Butler,joseph.butler.111@example.co.ke,+254732010905,True
2023-12-12 10:00:00,seed_generator,2024-01-04 10:00:00,seed_generator,BE0000112,PO0000112,Debbie,Lopez,debbie.lopez.112@example.co.ke,+254726581824,True
2025-09-14 10:00:00,seed_generator,2025-09-17 10:00:00,seed_generator,BE0000113,PO0000113,Jason,Holloway,jason.holloway.113@example.co.ke,+254770317234,True
2024-03-07 10:00:00,seed_generator,2024-03-18 10:00:00,seed_generator,BE0000114,PO0000114,Joyce,Malone,joyce.malone.114@example.co.ke,+254721449650,True
2024-06-28 10:00:00,seed_generator,2024-07-20 10:00:00,seed_generator,BE0000115,PO0000115,Michelle,Nicholson,michelle.nicholson.115@example.co.ke,+254761551334,True
2023-12-03 10:00:00,seed_generator,2023-12-28 10:00:00,seed_generator,BE0000116,PO0000116,Zachary,Moore,zachary.moore.116@example.co.ke,+254778674708,True
2024-03-30 10:00:00,seed_generator,2024-04-29 10:00:00,seed_generator,BE0000117,PO0000117,Larry,Hunter,larry.hunter.117@example.co.ke,+254731461370,True
2024-11-24 10:00:00,seed_generator,2024-12-11 10:00:00,seed_generator,BE0000118,PO0000118,Derek,York,derek.york.118@example.co.ke,+254761084208,True
2025-11-02 10:00:00,seed_generator,2025-11-26 10:00:00,seed_generator,BE0000119,PO0000119,Natasha,Johnson,natasha.johnson.119@example.co.ke,+254732935793,True
2025-01-07 10:00:00,seed_generator,2025-01-25 10:00:00,seed_generator,BE0000120,PO0000120,James,Whitaker,james.whitaker.120@example.co.ke,+254798520663,True
2025-07-16 10:00:00,seed_generator,2025-07-21 10:00:00,seed_generator,BE0000121,PO0000121,Mary,Wright,mary.wright.121@example.co.ke,+254729408873,True
2025-06-16 10:00:00,seed_generator,2025-07-10 10:00:00,seed_generator,BE0000122,PO0000122,Stephen,Hull,stephen.hull.122@example.co.ke,+254716886777,True
2024-10-13 10:00:00,seed_generator,2024-10-22 10:00:00,seed_generator,BE0000123,PO0000123,Janet,Hill,janet.hill.123@example.co.ke,+254751542843,True
2023-11-30 10:00:00,seed_generator,2023-12-24 10:00:00,seed_generator,BE0000124,PO0000124,Madison,Wagner,madison.wagner.124@example.co.ke,+254769895766,True
2025-02-24 10:00:00,seed_generator,2025-03-16 10:00:00,seed_generator,BE0000125,PO0000125,Cynthia,Martinez,cynthia.martinez.125@example.co.ke,+254734252610,True
2025-08-18 10:00:00,seed_generator,2025-09-15 10:00:00,seed_generator,BE0000126,PO0000126,Anthony,Watson,anthony.watson.126@example.co.ke,+254727659164,True
2025-05-23 10:00:00,seed_generator,2025-05-23 10:00:00,seed_generator,BE0000127,PO0000127,Brooke,Thompson,brooke.thompson.127@example.co.ke,+254793558632,True
2023-10-25 10:00:00,seed_generator,2023-11-02 10:00:00,seed_generator,BE0000128,PO0000128,Monica,Matthews,monica.matthews.128@example.co.ke,+254711638498,True
2024-09-03 10:00:00,seed_generator,2024-09-18 10:00:00,seed_generator,BE0000129,PO0000129,Michael,Martin,michael.martin.129@example.co.ke,+254776926628,True
2024-06-08 10:00:00,seed_generator,2024-07-03 10:00:00,seed_generator,BE0000130,PO0000130,Patricia,Curry,patricia.curry.130@example.co.ke,+254710771825,True
2024-04-03 10:00:00,seed_generator,2024-05-01 10:00:00,seed_generator,BE0000131,PO0000131,Haley,Mitchell,haley.mitchell.131@example.co.ke,+254776231992,True
2025-04-17 10:00:00,seed_generator,2025-04-23 10:00:00,seed_generator,BE0000132,PO0000132,Paul,Martin,paul.martin.132@example.co.ke,+254789035763,True
2024-02-10 10:00:00,seed_generator,2024-02-25 10:00:00,seed_generator,BE0000133,PO0000133,Ashley,Hanna,ashley.hanna.133@example.co.ke,+254770899748,True
2024-10-23 10:00:00,seed_generator,2024-11-06 10:00:00,seed_generator,BE0000134,PO0000134,Mercedes,Holland,mercedes.holland.134@example.co.ke,+254720657547,True
2024-04-10 10:00:00,seed_generator,2024-04-29 10:00:00,seed_generator,BE0000135,PO0000135,Erica,Adams,erica.adams.135@example.co.ke,+254710882216,True
2025-04-10 10:00:00,seed_generator,2025-05-08 10:00:00,seed_generator,BE0000136,PO0000136,Robert,Smith,robert.smith.136@example.co.ke,+254783462947,True
2025-03-07 10:00:00,seed_generator,2025-03-26 10:00:00,seed_generator,BE0000137,PO0000137,Kimberly,Saunders,kimberly.saunders.137@example.co.ke,+254794374018,True
2024-05-25 10:00:00,seed_generator,2024-06-20 10:00:00,seed_generator,BE0000138,PO0000138,Alan,Buck,alan.buck.138@example.co.ke,+254737868647,True
2025-10-27 10:00:00,seed_generator,2025-11-01 10:00:00,seed_generator,BE0000139,PO0000139,Deborah,Burke,deborah.burke.139@example.co.ke,+254729898606,True
2025-10-21 10:00:00,seed_generator,2025-11-10 10:00:00,seed_generator,BE0000140,PO0000140,Alan,King,alan.king.140@example.co.ke,+254756844649,True
2025-11-09 10:00:00,seed_generator,2025-11-13 10:00:00,seed_generator,BE0000141,PO0000141,Linda,Torres,linda.torres.141@example.co.ke,+254714352961,True
2024-02-02 10:00:00,seed_generator,2024-02-20 10:00:00,seed_generator,BE0000142,PO0000142,Tammy,Day,tammy.day.142@example.co.ke,+254790971604,True
2025-02-14 10:00:00,seed_generator,2025-02-24 10:00:00,seed_generator,BE0000143,PO0000143,Rodney,Bennett,rodney.bennett.143@example.co.ke,+254721771255,True
2025-10-27 10:00:00,seed_generator,2025-10-30 10:00:00,seed_generator,BE0000144,PO0000144,Michael,King,michael.king.144@example.co.ke,+254765963010,True
2025-06-17 10:00:00,seed_generator,2025-06-22 10:00:00,seed_generator,BE0000145,PO0000145,Steven,Byrd,steven.byrd.145@example.co.ke,+254748168910,True
2024-03-31 10:00:00,seed_generator,2024-04-21 10:00:00,seed_generator,BE0000146,PO0000146,Madison,Sanders,madison.sanders.146@example.co.ke,+254789855385,True
2024-05-09 10:00:00,seed_generator,2024-06-03 10:00:00,seed_generator,BE0000147,PO0000147,Curtis,Hunt,curtis.hunt.147@example.co.ke,+254785454146,True
2025-06-18 10:00:00,seed_generator,2025-07-18 10:00:00,seed_generator,BE0000148,PO0000148,Eileen,Bridges,eileen.bridges.148@example.co.ke,+254771114408,True
2023-11-10 10:00:00,seed_generator,2023-11-28 10:00:00,seed_generator,BE0000149,PO0000149,Nicholas,Holland,nicholas.holland.149@example.co.ke,+254758343701,True
2025-11-10 10:00:00,seed_generator,2025-11-12 10:00:00,seed_generator,BE0000150,PO0000150,Chelsea,Evans,chelsea.evans.150@example.co.ke,+254750170625,True
2025-01-20 10:00:00,seed_generator,2025-01-31 10:00:00,seed_generator,BE0000151,PO0000151,Daniel,Brown,daniel.brown.151@example.co.ke,+254760860378,True
2023-08-30 10:00:00,seed_generator,2023-09-01 10:00:00,seed_generator,BE0000152,PO0000152,Vanessa,Davidson,vanessa.davidson.152@example.co.ke,+254767354434,True
2023-08-06 10:00:00,seed_generator,2023-08-23 10:00:00,seed_generator,BE0000153,PO0000153,Michelle,Green,michelle.green.153@example.co.ke,+254718714202,True
2025-02-20 10:00:00,seed_generator,2025-03-07 10:00:00,seed_generator,BE0000154,PO0000154,Jennifer,Stafford,jennifer.stafford.154@example.co.ke,+254728058430,True
2025-08-14 10:00:00,seed_generator,2025-09-05 10:00:00,seed_generator,BE0000155,PO0000155,Kent,Hernandez,kent.hernandez.155@example.co.ke,+254746831833,True
2025-01-13 10:00:00,seed_generator,2025-01-29 10:00:00,seed_generator,BE0000156,PO0000156,Kathy,Yoder,kathy.yoder.156@example.co.ke,+254765533646,True
2024-06-27 10:00:00,seed_generator,2024-07-03 10:00:00,seed_generator,BE0000157,PO0000157,Linda,Lang,linda.lang.157@example.co.ke,+254738058347,True
2024-03-30 10:00:00,seed_generator,2024-03-31 10:00:00,seed_generator,BE0000158,PO0000158,Carol,Guerrero,carol.guerrero.158@example.co.ke,+254724670297,True
2024-05-10 10:00:00,seed_generator,2024-06-02 10:00:00,seed_generator,BE0000159,PO0000159,Erin,Griffith,erin.griffith.159@example.co.ke,+254794420078,True
2024-06-23 10:00:00,seed_generator,2024-06-25 10:00:00,seed_generator,BE0000160,PO0000160,Diana,Bright,diana.bright.160@example.co.ke,+254774916146,True
2023-12-06 10:00:00,seed_generator,2023-12-28 10:00:00,seed_generator,BE0000161,PO0000161,Jordan,Barnes,jordan.barnes.161@example.co.ke,+254791171931,True
2023-10-01 10:00:00,seed_generator,2023-10-23 10:00:00,seed_generator,BE0000162,PO0000162,Paul,Johnson,paul.johnson.162@example.co.ke,+254748545627,True
2024-10-05 10:00:00,seed_generator,2024-10-24 10:00:00,seed_generator,BE0000163,PO0000163,Jean,Armstrong,jean.armstrong.163@example.co.ke,+254752478375,True
2025-03-26 10:00:00,seed_generator,2025-04-11 10:00:00,seed_generator,BE0000164,PO0000164,James,Barber,james.barber.164@example.co.ke,+254787194344,True
2024-03-18 10:00:00,seed_generator,2024-03-29 10:00:00,seed_generator,BE0000165,PO0000165,Jeffrey,Nichols,jeffrey.nichols.165@example.co.ke,+254727409802,True
2024-03-27 10:00:00,seed_generator,2024-04-14 10:00:00,seed_generator,BE0000166,PO0000166,Kristen,Knox,kristen.knox.166@example.co.ke,+254776625267,True
2024-07-02 10:00:00,seed_generator,2024-07-25 10:00:00,seed_generator,BE0000167,PO0000167,Emily,Romero,emily.romero.167@example.co.ke,+254794806492,True
2024-07-25 10:00:00,seed_generator,2024-08-09 10:00:00,seed_generator,BE0000168,PO0000168,Megan,Pittman,megan.pittman.168@example.co.ke,+254734146739,True
2024-04-01 10:00:00,seed_generator,2024-04-08 10:00:00,seed_generator,BE0000169,PO0000169,Nancy,White,nancy.white.169@example.co.ke,+254748988647,True
2025-06-01 10:00:00,seed_generator,2025-06-01 10:00:00,seed_generator,BE0000170,PO0000170,Connor,Anderson,connor.anderson.170@example.co.ke,+254725865493,True
2025-11-22 10:00:00,seed_generator,2025-12-06 10:00:00,seed_generator,BE0000171,PO0000171,Jonathan,Stokes,jonathan.stokes.171@example.co.ke,+254793947919,True
2023-09-23 10:00:00,seed_generator,2023-09-26 10:00:00,seed_generator,BE0000172,PO0000172,Kathryn,White,kathryn.white.172@example.co.ke,+254737827473,True
2023-09-20 10:00:00,seed_generator,2023-10-09 10:00:00,seed_generator,BE0000173,PO0000173,Erin,Rogers,erin.rogers.173@example.co.ke,+254765650977,True
2024-10-19 10:00:00,seed_generator,2024-10-20 10:00:00,seed_generator,BE0000174,PO0000174,Christopher,Kelly,christopher.kelly.174@example.co.ke,+254754800838,True
2024-12-23 10:00:00,seed_generator,2025-01-09 10:00:00,seed_generator,BE0000175,PO0000175,Julie,Parker,julie.parker.175@example.co.ke,+254795564277,True
2025-05-13 10:00:00,seed_generator,2025-05-13 10:00:00,seed_generator,BE0000176,PO0000176,Kristin,Rivera,kristin.rivera.176@example.co.ke,+254795982334,True
2025-05-24 10:00:00,seed_generator,2025-06-15 10:00:00,seed_generator,BE0000177,PO0000177,Jorge,Carter,jorge.carter.177@example.co.ke,+254747799296,True
2025-03-31 10:00:00,seed_generator,2025-04-25 10:00:00,seed_generator,BE0000178,PO0000178,Melissa,Ruiz,melissa.ruiz.178@example.co.ke,+254719104802,True
2025-02-04 10:00:00,seed_generator,2025-02-13 10:00:00,seed_generator,BE0000179,PO0000179,Michelle,Silva,michelle.silva.179@example.co.ke,+254778006730,True
2024-06-01 10:00:00,seed_generator,2024-06-11 10:00:00,seed_generator,BE0000180,PO0000180,Sheryl,Jones,sheryl.jones.180@example.co.ke,+254710822924,True
2025-08-22 10:00:00,seed_generator,2025-09-12 10:00:00,seed_generator,BE0000181,PO0000181,Pamela,Mason,pamela.mason.181@example.co.ke,+254754732472,True
2025-01-01 10:00:00,seed_generator,2025-01-13 10:00:00,seed_generator,BE0000182,PO0000182,Mikayla,James,mikayla.james.182@example.co.ke,+254786359356,True
2024-03-26 10:00:00,seed_generator,2024-04-25 10:00:00,seed_generator,BE0000183,PO0000183,Kenneth,Brown,kenneth.brown.183@example.co.ke,+254713908068,True
2023-08-17 10:00:00,seed_generator,2023-08-22 10:00:00,seed_generator,BE0000184,PO0000184,Melissa,Taylor,melissa.taylor.184@example.co.ke,+254736040330,True
2025-01-12 10:00:00,seed_generator,2025-02-07 10:00:00,seed_generator,BE0000185,PO0000185,James,Ortiz,james.ortiz.185@example.co.ke,+254755357116,True
2024-01-28 10:00:00,seed_generator,2024-02-12 10:00:00,seed_generator,BE0000186,PO0000186,Ashley,Knox,ashley.knox.186@example.co.ke,+254773686372,True
2023-09-22 10:00:00,seed_generator,2023-09-23 10:00:00,seed_generator,BE0000187,PO0000187,Stephen,Stewart,stephen.stewart.187@example.co.ke,+254796657974,True
2025-07-30 10:00:00,seed_generator,2025-08-14 10:00:00,seed_generator,BE0000188,PO0000188,Jennifer,Maxwell,jennifer.maxwell.188@example.co.ke,+254730855594,True
2024-03-14 10:00:00,seed_generator,2024-03-28 10:00:00,seed_generator,BE0000189,PO0000189,Tony,Welch,tony.welch.189@example.co.ke,+254782070563,True
2025-01-07 10:00:00,seed_generator,2025-01-21 10:00:00,seed_generator,BE0000190,PO0000190,Gregory,Walters,gregory.walters.190@example.co.ke,+254765559839,True
2023-11-17 10:00:00,seed_generator,2023-11-18 10:00:00,seed_generator,BE0000191,PO0000191,Adam,Hill,adam.hill.191@example.co.ke,+254779937264,True
2025-02-13 10:00:00,seed_generator,2025-03-03 10:00:00,seed_generator,BE0000192,PO0000192,Kathleen,Jackson,kathleen.jackson.192@example.co.ke,+254752346074,True
2024-05-27 10:00:00,seed_generator,2024-06-13 10:00:00,seed_generator,BE0000193,PO0000193,Kathy,Burns,kathy.burns.193@example.co.ke,+254712512345,True
2025-05-17 10:00:00,seed_generator,2025-06-04 10:00:00,seed_generator,BE0000194,PO0000194,Kathryn,Miller,kathryn.miller.194@example.co.ke,+254754522609,True
2023-09-20 10:00:00,seed_generator,2023-10-19 10:00:00,seed_generator,BE0000195,PO0000195,Christina,Schultz,christina.schultz.195@example.co.ke,+254757458790,True
2025-10-10 10:00:00,seed_generator,2025-10-14 10:00:00,seed_generator,BE0000196,PO0000196,Richard,Sanford,richard.sanford.196@example.co.ke,+254747642707,True
2023-08-09 10:00:00,seed_generator,2023-08-09 10:00:00,seed_generator,BE0000197,PO0000197,Patrick,Johnson,patrick.johnson.197@example.co.ke,+254755520266,True
2024-11-27 10:00:00,seed_generator,2024-12-17 10:00:00,seed_generator,BE0000198,PO0000198,James,Watson,james.watson.198@example.co.ke,+254781708931,True
2023-08-07 10:00:00,seed_generator,2023-08-12 10:00:00,seed_generator,BE0000199,PO0000199,Alexis,Morris,alexis.morris.199@example.co.ke,+254786635858,True
2024-04-05 10:00:00,seed_generator,2024-04-17 10:00:00,seed_generator,BE0000200,PO0000200,Martha,Lee,martha.lee.200@example.co.ke,+254735149571,True
2024-04-16 10:00:00,seed_generator,2024-04-19 10:00:00,seed_generator,BE0000201,PO0000201,Erica,Sims,erica.sims.201@example.co.ke,+254751376831,True
2023-12-25 10:00:00,seed_generator,2024-01-21 10:00:00,seed_generator,BE0000202,PO0000202,John,Steele,john.steele.202@example.co.ke,+254752211394,True
2023-12-21 10:00:00,seed_generator,2023-12-22 10:00:00,seed_generator,BE0000203,PO0000203,Maxwell,Anderson,maxwell.anderson.203@example.co.ke,+254746439766,True
2024-10-19 10:00:00,seed_generator,2024-10-21 10:00:00,seed_generator,BE0000204,PO0000204,Patrick,Chapman,patrick.chapman.204@example.co.ke,+254776713516,True
2025-04-17 10:00:00,seed_generator,2025-04-28 10:00:00,seed_generator,BE0000205,PO0000205,Gary,Colon,gary.colon.205@example.co.ke,+254770653840,True
2023-08-20 10:00:00,seed_generator,2023-09-19 10:00:00,seed_generator,BE0000206,PO0000206,Kenneth,Carter,kenneth.carter.206@example.co.ke,+254750618137,True
2025-05-09 10:00:00,seed_generator,2025-05-25 10:00:00,seed_generator,BE0000207,PO0000207,Jessica,Carlson,jessica.carlson.207@example.co.ke,+254750576475,True
2025-06-20 10:00:00,seed_generator,2025-06-23 10:00:00,seed_generator,BE0000208,PO0000208,Matthew,Barron,matthew.barron.208@example.co.ke,+254760226379,True
2023-10-05 10:00:00,seed_generator,2023-10-06 10:00:00,seed_generator,BE0000209,PO0000209,Wendy,Cooper,wendy.cooper.209@example.co.ke,+254737125189,True
2025-09-13 10:00:00,seed_generator,2025-09-27 10:00:00,seed_generator,BE0000210,PO0000210,Rachel,Howard,rachel.howard.210@example.co.ke,+254777913458,True
2025-11-21 10:00:00,seed_generator,2025-12-16 10:00:00,seed_generator,BE0000211,PO0000211,Jacob,Vaughan,jacob.vaughan.211@example.co.ke,+254774781956,True
2024-07-22 10:00:00,seed_generator,2024-07-26 10:00:00,seed_generator,BE0000212,PO0000212,Samantha,Powell,samantha.powell.212@example.co.ke,+254735529779,True
2025-01-02 10:00:00,seed_generator,2025-01-31 10:00:00,seed_generator,BE0000213,PO0000213,Jeremy,Acosta,jeremy.acosta.213@example.co.ke,+254774890505,True
2023-11-27 10:00:00,seed_generator,2023-12-24 10:00:00,seed_generator,BE0000214,PO0000214,David,Gross,david.gross.214@example.co.ke,+254780280155,True
2025-02-02 10:00:00,seed_generator,2025-02-26 10:00:00,seed_generator,BE0000215,PO0000215,Brittany,Jackson,brittany.jackson.215@example.co.ke,+254753934556,True
2025-07-23 10:00:00,seed_generator,2025-08-16 10:00:00,seed_generator,BE0000216,PO0000216,Michael,Santos,michael.santos.216@example.co.ke,+254723187101,True
2023-08-28 10:00:00,seed_generator,2023-09-27 10:00:00,seed_generator,BE0000217,PO0000217,Benjamin,Mcdowell,benjamin.mcdowell.217@example.co.ke,+254779276026,True
2024-01-24 10:00:00,seed_generator,2024-01-28 10:00:00,seed_generator,BE0000218,PO0000218,Jonathan,Nichols,jonathan.nichols.218@example.co.ke,+254737539747,True
2023-12-06 10:00:00,seed_generator,2023-12-07 10:00:00,seed_generator,BE0000219,PO0000219,Brandon,Vang,brandon.vang.219@example.co.ke,+254771655384,True
2024-11-15 10:00:00,seed_generator,2024-12-07 10:00:00,seed_generator,BE0000220,PO0000220,Ebony,Valdez,ebony.valdez.220@example.co.ke,+254780107942,True
2025-08-20 10:00:00,seed_generator,2025-08-20 10:00:00,seed_generator,BE0000221,PO0000221,Andrew,Norris,andrew.norris.221@example.co.ke,+254751739205,True
2025-11-01 10:00:00,seed_generator,2025-11-22 10:00:00,seed_generator,BE0000222,PO0000222,Robert,James,robert.james.222@example.co.ke,+254789763928,True
2025-09-18 10:00:00,seed_generator,2025-09-28 10:00:00,seed_generator,BE0000223,PO0000223,Amy,Wells,amy.wells.223@example.co.ke,+254772663022,True
2025-10-30 10:00:00,seed_generator,2025-11-02 10:00:00,seed_generator,BE0000224,PO0000224,Eric,Neal,eric.neal.224@example.co.ke,+254779870757,True
2023-10-24 10:00:00,seed_generator,2023-11-14 10:00:00,seed_generator,BE0000225,PO0000225,Crystal,Turner,crystal.turner.225@example.co.ke,+254751940463,True
2025-11-23 10:00:00,seed_generator,2025-12-11 10:00:00,seed_generator,BE0000226,PO0000226,Dorothy,Bates,dorothy.bates.226@example.co.ke,+254751895110,True
2024-03-02 10:00:00,seed_generator,2024-03-30 10:00:00,seed_generator,BE0000227,PO0000227,Joseph,Obrien,joseph.obrien.227@example.co.ke,+254738165011,True
2025-01-22 10:00:00,seed_generator,2025-01-28 10:00:00,seed_generator,BE0000228,PO0000228,Derrick,Rivas,derrick.rivas.228@example.co.ke,+254735843038,True
2025-02-26 10:00:00,seed_generator,2025-03-06 10:00:00,seed_generator,BE0000229,PO0000229,Daniel,Higgins,daniel.higgins.229@example.co.ke,+254781440849,True
2025-01-24 10:00:00,seed_generator,2025-02-17 10:00:00,seed_generator,BE0000230,PO0000230,David,Wilson,david.wilson.230@example.co.ke,+254769205536,True
2024-01-29 10:00:00,seed_generator,2024-02-01 10:00:00,seed_generator,BE0000231,PO0000231,Daniel,Gonzalez,daniel.gonzalez.231@example.co.ke,+254746595028,True
2025-07-17 10:00:00,seed_generator,2025-07-22 10:00:00,seed_generator,BE0000232,PO0000232,James,Baker,james.baker.232@example.co.ke,+254746726921,True
2025-08-21 10:00:00,seed_generator,2025-08-21 10:00:00,seed_generator,BE0000233,PO0000233,Alexandra,Harris,alexandra.harris.233@example.co.ke,+254793610257,True
2024-05-22 10:00:00,seed_generator,2024-06-07 10:00:00,seed_generator,BE0000234,PO0000234,Jade,Phillips,jade.phillips.234@example.co.ke,+254723740579,True
2025-05-19 10:00:00,seed_generator,2025-06-05 10:00:00,seed_generator,BE0000235,PO0000235,Benjamin,Crawford,benjamin.crawford.235@example.co.ke,+254757018904,True
2024-06-02 10:00:00,seed_generator,2024-06-12 10:00:00,seed_generator,BE0000236,PO0000236,Jared,Fitzpatrick,jared.fitzpatrick.236@example.co.ke,+254746379997,True
2025-07-25 10:00:00,seed_generator,2025-08-24 10:00:00,seed_generator,BE0000237,PO0000237,Mark,Smith,mark.smith.237@example.co.ke,+254748019546,True
2024-05-08 10:00:00,seed_generator,2024-05-15 10:00:00,seed_generator,BE0000238,PO0000238,Emily,Meadows,emily.meadows.238@example.co.ke,+254732988138,True
2025-10-05 10:00:00,seed_generator,2025-10-14 10:00:00,seed_generator,BE0000239,PO0000239,Mary,Caldwell,mary.caldwell.239@example.co.ke,+254792310750,True
2025-01-04 10:00:00,seed_generator,2025-01-21 10:00:00,seed_generator,BE0000240,PO0000240,Edward,Davis,edward.davis.240@example.co.ke,+254769545378,True
2025-10-26 10:00:00,seed_generator,2025-10-30 10:00:00,seed_generator,BE0000241,PO0000241,William,Cummings,william.cummings.241@example.co.ke,+254713891332,True
2024-08-21 10:00:00,seed_generator,2024-09-18 10:00:00,seed_generator,BE0000242,PO0000242,Craig,Scott,craig.scott.242@example.co.ke,+254716772091,True
2025-08-30 10:00:00,seed_generator,2025-09-11 10:00:00,seed_generator,BE0000243,PO0000243,Jerry,Hinton,jerry.hinton.243@example.co.ke,+254717220897,True
2025-09-19 10:00:00,seed_generator,2025-10-02 10:00:00,seed_generator,BE0000244,PO0000244,Kenneth,Marshall,kenneth.marshall.244@example.co.ke,+254762602177,True
2025-06-16 10:00:00,seed_generator,2025-07-08 10:00:00,seed_generator,BE0000245,PO0000245,Cory,Thompson,cory.thompson.245@example.co.ke,+254790010054,True
2024-04-19 10:00:00,seed_generator,2024-05-09 10:00:00,seed_generator,BE0000246,PO0000246,Benjamin,Roberts,benjamin.roberts.246@example.co.ke,+254769839130,True
2024-03-25 10:00:00,seed_generator,2024-04-05 10:00:00,seed_generator,BE0000247,PO0000247,Laurie,Edwards,laurie.edwards.247@example.co.ke,+254751935074,True
2025-01-10 10:00:00,seed_generator,2025-02-05 10:00:00,seed_generator,BE0000248,PO0000248,Joanna,Davis,joanna.davis.248@example.co.ke,+254736594858,True
2023-12-17 10:00:00,seed_generator,2024-01-10 10:00:00,seed_generator,BE0000249,PO0000249,Katherine,Williams,katherine.williams.249@example.co.ke,+254781603135,True
2025-09-27 10:00:00,seed_generator,2025-10-26 10:00:00,seed_generator,BE0000250,PO0000250,Melissa,Alvarado,melissa.alvarado.250@example.co.ke,+254772504573,True
2024-05-14 10:00:00,seed_generator,2024-05-18 10:00:00,seed_generator,BE0000251,PO0000251,George,Howard,george.howard.251@example.co.ke,+254722470997,True
2023-09-06 10:00:00,seed_generator,2023-10-01 10:00:00,seed_generator,BE0000252,PO0000252,Samuel,Howell,samuel.howell.252@example.co.ke,+254772850928,True
2025-09-08 10:00:00,seed_generator,2025-09-22 10:00:00,seed_generator,BE0000253,PO0000253,Natalie,Davis,natalie.davis.253@example.co.ke,+254751660066,True
2024-01-16 10:00:00,seed_generator,2024-02-05 10:00:00,seed_generator,BE0000254,PO0000254,Lisa,White,lisa.white.254@example.co.ke,+254772464469,True
2024-08-22 10:00:00,seed_generator,2024-08-29 10:00:00,seed_generator,BE0000255,PO0000255,Richard,Rivers,richard.rivers.255@example.co.ke,+254740037183,True
2025-07-22 10:00:00,seed_generator,2025-08-18 10:00:00,seed_generator,BE0000256,PO0000256,Joseph,Cruz,joseph.cruz.256@example.co.ke,+254792804565,True
2025-03-27 10:00:00,seed_generator,2025-04-25 10:00:00,seed_generator,BE0000257,PO0000257,Melissa,Marsh,melissa.marsh.257@example.co.ke,+254758781345,True
2024-11-10 10:00:00,seed_generator,2024-11-15 10:00:00,seed_generator,BE0000258,PO0000258,Deborah,Robles,deborah.robles.258@example.co.ke,+254799279031,True
2025-01-12 10:00:00,seed_generator,2025-02-06 10:00:00,seed_generator,BE0000259,PO0000259,Daniel,Horton,daniel.horton.259@example.co.ke,+254753588695,True
2024-09-08 10:00:00,seed_generator,2024-09-23 10:00:00,seed_generator,BE0000260,PO0000260,Brian,Dunlap,brian.dunlap.260@example.co.ke,+254714061983,True
2025-10-11 10:00:00,seed_generator,2025-10-26 10:00:00,seed_generator,BE0000261,PO0000261,Erik,Perry,erik.perry.261@example.co.ke,+254725151444,True
2024-12-22 10:00:00,seed_generator,2025-01-06 10:00:00,seed_generator,BE0000262,PO0000262,Brittany,Pham,brittany.pham.262@example.co.ke,+254771906810,True
2023-08-03 10:00:00,seed_generator,2023-08-08 10:00:00,seed_generator,BE0000263,PO0000263,Erika,White,erika.white.263@example.co.ke,+254747883942,True
2023-10-22 10:00:00,seed_generator,2023-11-02 10:00:00,seed_generator,BE0000264,PO0000264,Noah,Howard,noah.howard.264@example.co.ke,+254791126594,True
2024-05-07 10:00:00,seed_generator,2024-05-11 10:00:00,seed_generator,BE0000265,PO0000265,Anthony,Cohen,anthony.cohen.265@example.co.ke,+254778175850,True
2025-09-02 10:00:00,seed_generator,2025-09-14 10:00:00,seed_generator,BE0000266,PO0000266,Mary,Mcpherson,mary.mcpherson.266@example.co.ke,+254724358786,True
2025-01-17 10:00:00,seed_generator,2025-02-03 10:00:00,seed_generator,BE0000267,PO0000267,David,Knapp,david.knapp.267@example.co.ke,+254797167893,True
2025-10-05 10:00:00,seed_generator,2025-10-30 10:00:00,seed_generator,BE0000268,PO0000268,Daniel,Jenkins,daniel.jenkins.268@example.co.ke,+254750549608,True
2024-06-19 10:00:00,seed_generator,2024-07-03 10:00:00,seed_generator,BE0000269,PO0000269,Brandon,Green,brandon.green.269@example.co.ke,+254763796676,True
2024-04-21 10:00:00,seed_generator,2024-05-04 10:00:00,seed_generator,BE0000270,PO0000270,Leon,Bush,leon.bush.270@example.co.ke,+254742021033,True
2024-03-21 10:00:00,seed_generator,2024-03-28 10:00:00,seed_generator,BE0000271,PO0000271,Erica,Saunders,erica.saunders.271@example.co.ke,+254783544472,True
2025-07-07 10:00:00,seed_generator,2025-07-22 10:00:00,seed_generator,BE0000272,PO0000272,Barbara,Cunningham,barbara.cunningham.272@example.co.ke,+254761514973,True
2025-10-10 10:00:00,seed_generator,2025-10-20 10:00:00,seed_generator,BE0000273,PO0000273,Tiffany,Santiago,tiffany.santiago.273@example.co.ke,+254737949250,True
2023-09-05 10:00:00,seed_generator,2023-09-27 10:00:00,seed_generator,BE0000274,PO0000274,Matthew,Mills,matthew.mills.274@example.co.ke,+254789318677,True
2024-10-01 10:00:00,seed_generator,2024-10-26 10:00:00,seed_generator,BE0000275,PO0000275,Jackie,Davis,jackie.davis.275@example.co.ke,+254768432185,True
2024-05-15 10:00:00,seed_generator,2024-06-09 10:00:00,seed_generator,BE0000276,PO0000276,Dorothy,Wright,dorothy.wright.276@example.co.ke,+254755929418,True
2024-06-07 10:00:00,seed_generator,2024-06-29 10:00:00,seed_generator,BE0000277,PO0000277,Michael,Rhodes,michael.rhodes.277@example.co.ke,+254741696096,True
2025-06-22 10:00:00,seed_generator,2025-07-13 10:00:00,seed_generator,BE0000278,PO0000278,Paul,Combs,paul.combs.278@example.co.ke,+254799872888,True
2025-09-28 10:00:00,seed_generator,2025-10-21 10:00:00,seed_generator,BE0000279,PO0000279,Angela,Huerta,angela.huerta.279@example.co.ke,+254787066247,True
2023-08-13 10:00:00,seed_generator,2023-08-28 10:00:00,seed_generator,BE0000280,PO0000280,Brian,Schneider,brian.schneider.280@example.co.ke,+254725344154,True
2024-04-19 10:00:00,seed_generator,2024-05-08 10:00:00,seed_generator,BE0000281,PO0000281,Eric,Allison,eric.allison.281@example.co.ke,+254772130518,True
2025-01-17 10:00:00,seed_generator,2025-02-03 10:00:00,seed_generator,BE0000282,PO0000282,Melissa,Booth,melissa.booth.282@example.co.ke,+254723106885,True
2023-08-28 10:00:00,seed_generator,2023-09-11 10:00:00,seed_generator,BE0000283,PO0000283,Charles,Vasquez,charles.vasquez.283@example.co.ke,+254733645674,True
2025-02-04 10:00:00,seed_generator,2025-03-06 10:00:00,seed_generator,BE0000284,PO0000284,John,Cordova,john.cordova.284@example.co.ke,+254764464708,True
2025-10-06 10:00:00,seed_generator,2025-10-25 10:00:00,seed_generator,BE0000285,PO0000285,Brent,Walker,brent.walker.285@example.co.ke,+254724595457,True
2024-01-15 10:00:00,seed_generator,2024-02-10 10:00:00,seed_generator,BE0000286,PO0000286,Dawn,Powell,dawn.powell.286@example.co.ke,+254790048179,True
2023-10-19 10:00:00,seed_generator,2023-11-14 10:00:00,seed_generator,BE0000287,PO0000287,Jimmy,Stevens,jimmy.stevens.287@example.co.ke,+254760856575,True
2025-01-15 10:00:00,seed_generator,2025-01-30 10:00:00,seed_generator,BE0000288,PO0000288,Laurie,West,laurie.west.288@example.co.ke,+254796568973,True
2024-02-09 10:00:00,seed_generator,2024-02-10 10:00:00,seed_generator,BE0000289,PO0000289,Melissa,West,melissa.west.289@example.co.ke,+254722151134,True
2025-05-08 10:00:00,seed_generator,2025-06-03 10:00:00,seed_generator,BE0000290,PO0000290,David,Jimenez,david.jimenez.290@example.co.ke,+254728645088,True
2024-05-01 10:00:00,seed_generator,2024-05-29 10:00:00,seed_generator,BE0000291,PO0000291,Denise,Garcia,denise.garcia.291@example.co.ke,+254795380301,True
2023-09-09 10:00:00,seed_generator,2023-09-09 10:00:00,seed_generator,BE0000292,PO0000292,Robert,Hawkins,robert.hawkins.292@example.co.ke,+254729693143,True
2024-02-09 10:00:00,seed_generator,2024-02-13 10:00:00,seed_generator,BE0000293,PO0000293,Aaron,Davis,aaron.davis.293@example.co.ke,+254770797197,True
2024-06-20 10:00:00,seed_generator,2024-06-29 10:00:00,seed_generator,BE0000294,PO0000294,Cassandra,Montgomery,cassandra.montgomery.294@example.co.ke,+254762342586,True
2024-03-26 10:00:00,seed_generator,2024-04-13 10:00:00,seed_generator,BE0000295,PO0000295,Kevin,Romero,kevin.romero.295@example.co.ke,+254770016768,True
2025-05-30 10:00:00,seed_generator,2025-06-05 10:00:00,seed_generator,BE0000296,PO0000296,Jamie,Powers,jamie.powers.296@example.co.ke,+254752493026,True
2025-02-13 10:00:00,seed_generator,2025-03-03 10:00:00,seed_generator,BE0000297,PO0000297,Stephanie,Cox,stephanie.cox.297@example.co.ke,+254750876026,True
2024-09-27 10:00:00,seed_generator,2024-10-19 10:00:00,seed_generator,BE0000298,PO0000298,Brian,Walker,brian.walker.298@example.co.ke,+254756206415,True
2025-09-16 10:00:00,seed_generator,2025-10-04 10:00:00,seed_generator,BE0000299,PO0000299,Shawn,Castro,shawn.castro.299@example.co.ke,+254711089747,True
2024-03-30 10:00:00,seed_generator,2024-04-15 10:00:00,seed_generator,BE0000300,PO0000300,Christine,Kennedy,christine.kennedy.300@example.co.ke,+254764250458,True
2023-08-02 10:00:00,seed_generator,2023-08-06 10:00:00,seed_generator,BE0000301,PO0000301,Diane,Baldwin,diane.baldwin.301@example.co.ke,+254749484797,True
2025-10-14 10:00:00,seed_generator,2025-10-25 10:00:00,seed_generator,BE0000302,PO0000302,Daniel,Malone,daniel.malone.302@example.co.ke,+254783670115,True
2025-10-23 10:00:00,seed_generator,2025-10-23 10:00:00,seed_generator,BE0000303,PO0000303,Jeffrey,Peterson,jeffrey.peterson.303@example.co.ke,+254785165988,True
2023-08-29 10:00:00,seed_generator,2023-09-09 10:00:00,seed_generator,BE0000304,PO0000304,Maria,Brandt,maria.brandt.304@example.co.ke,+254724723458,True
2025-03-03 10:00:00,seed_generator,2025-03-30 10:00:00,seed_generator,BE0000305,PO0000305,Kelly,Boyd,kelly.boyd.305@example.co.ke,+254714185545,True
2025-04-20 10:00:00,seed_generator,2025-05-03 10:00:00,seed_generator,BE0000306,PO0000306,Jacqueline,Williams,jacqueline.williams.306@example.co.ke,+254789210454,True
2024-11-08 10:00:00,seed_generator,2024-11-28 10:00:00,seed_generator,BE0000307,PO0000307,Frank,Taylor,frank.taylor.307@example.co.ke,+254752698324,True
2023-12-19 10:00:00,seed_generator,2023-12-31 10:00:00,seed_generator,BE0000308,PO0000308,Jennifer,Griffith,jennifer.griffith.308@example.co.ke,+254764496780,True
2024-11-21 10:00:00,seed_generator,2024-12-04 10:00:00,seed_generator,BE0000309,PO0000309,Daniel,Carr,daniel.carr.309@example.co.ke,+254783164605,True
2025-05-14 10:00:00,seed_generator,2025-06-04 10:00:00,seed_generator,BE0000310,PO0000310,Jacob,Conrad,jacob.conrad.310@example.co.ke,+254733274710,True
2024-08-17 10:00:00,seed_generator,2024-08-21 10:00:00,seed_generator,BE0000311,PO0000311,Philip,Bryant,philip.bryant.311@example.co.ke,+254735263378,True
2024-05-27 10:00:00,seed_generator,2024-06-08 10:00:00,seed_generator,BE0000312,PO0000312,Kimberly,Love,kimberly.love.312@example.co.ke,+254758357021,True
2023-08-09 10:00:00,seed_generator,2023-08-22 10:00:00,seed_generator,BE0000313,PO0000313,Daniel,Perry,daniel.perry.313@example.co.ke,+254730705405,True
2025-02-24 10:00:00,seed_generator,2025-03-23 10:00:00,seed_generator,BE0000314,PO0000314,Sara,Monroe,sara.monroe.314@example.co.ke,+254799934747,True
2025-08-10 10:00:00,seed_generator,2025-08-14 10:00:00,seed_generator,BE0000315,PO0000315,Brianna,Barton,brianna.barton.315@example.co.ke,+254711557295,True
2025-10-04 10:00:00,seed_generator,2025-10-24 10:00:00,seed_generator,BE0000316,PO0000316,Shannon,Barrett,shannon.barrett.316@example.co.ke,+254712108265,True
2025-07-22 10:00:00,seed_generator,2025-08-14 10:00:00,seed_generator,BE0000317,PO0000317,Stephanie,Taylor,stephanie.taylor.317@example.co.ke,+254775323947,True
2024-02-12 10:00:00,seed_generator,2024-02-25 10:00:00,seed_generator,BE0000318,PO0000318,Victor,Moreno,victor.moreno.318@example.co.ke,+254728223512,True
2025-09-21 10:00:00,seed_generator,2025-09-25 10:00:00,seed_generator,BE0000319,PO0000319,Brandon,Mcconnell,brandon.mcconnell.319@example.co.ke,+254796200382,True
2023-09-13 10:00:00,seed_generator,2023-09-26 10:00:00,seed_generator,BE0000320,PO0000320,Mary,Webb,mary.webb.320@example.co.ke,+254771207129,True
2023-10-01 10:00:00,seed_generator,2023-10-23 10:00:00,seed_generator,BE0000321,PO0000321,William,Morse,william.morse.321@example.co.ke,+254791125155,True
2024-10-07 10:00:00,seed_generator,2024-10-26 10:00:00,seed_generator,BE0000322,PO0000322,Gregory,Lane,gregory.lane.322@example.co.ke,+254734131995,True
2024-09-07 10:00:00,seed_generator,2024-09-23 10:00:00,seed_generator,BE0000323,PO0000323,Jessica,Anderson,jessica.anderson.323@example.co.ke,+254766925051,True
2024-05-30 10:00:00,seed_generator,2024-06-25 10:00:00,seed_generator,BE0000324,PO0000324,Paul,Burke,paul.burke.324@example.co.ke,+254770404120,True
2024-11-18 10:00:00,seed_generator,2024-11-29 10:00:00,seed_generator,BE0000325,PO0000325,Nicole,Gordon,nicole.gordon.325@example.co.ke,+254740298433,True
2025-06-09 10:00:00,seed_generator,2025-06-22 10:00:00,seed_generator,BE0000326,PO0000326,Patrick,Petty,patrick.petty.326@example.co.ke,+254791144449,True
2025-12-09 10:00:00,seed_generator,2025-12-27 10:00:00,seed_generator,BE0000327,PO0000327,Ruth,Farmer,ruth.farmer.327@example.co.ke,+254776861495,True
2023-08-02 10:00:00,seed_generator,2023-08-25 10:00:00,seed_generator,BE0000328,PO0000328,Joshua,Stuart,joshua.stuart.328@example.co.ke,+254741776042,True
2023-12-18 10:00:00,seed_generator,2024-01-03 10:00:00,seed_generator,BE0000329,PO0000329,Tara,Chavez,tara.chavez.329@example.co.ke,+254746138183,True
2024-10-22 10:00:00,seed_generator,2024-11-20 10:00:00,seed_generator,BE0000330,PO0000330,Dennis,Gutierrez,dennis.gutierrez.330@example.co.ke,+254783305194,True
2024-05-05 10:00:00,seed_generator,2024-05-16 10:00:00,seed_generator,BE0000331,PO0000331,Holly,Goodman,holly.goodman.331@example.co.ke,+254714491176,True
2025-11-08 10:00:00,seed_generator,2025-11-26 10:00:00,seed_generator,BE0000332,PO0000332,Kent,Miles,kent.miles.332@example.co.ke,+254774863150,True
2023-12-26 10:00:00,seed_generator,2024-01-06 10:00:00,seed_generator,BE0000333,PO0000333,Michelle,Joseph,michelle.joseph.333@example.co.ke,+254725188664,True
2024-05-01 10:00:00,seed_generator,2024-05-16 10:00:00,seed_generator,BE0000334,PO0000334,Selena,Chen,selena.chen.334@example.co.ke,+254720745888,True
2025-07-24 10:00:00,seed_generator,2025-08-16 10:00:00,seed_generator,BE0000335,PO0000335,James,Weber,james.weber.335@example.co.ke,+254780653292,True
2023-11-09 10:00:00,seed_generator,2023-12-03 10:00:00,seed_generator,BE0000336,PO0000336,Kelly,Reed,kelly.reed.336@example.co.ke,+254747503167,True
2024-08-27 10:00:00,seed_generator,2024-09-12 10:00:00,seed_generator,BE0000337,PO0000337,Emily,Zavala,emily.zavala.337@example.co.ke,+254720500470,True
2024-06-29 10:00:00,seed_generator,2024-07-27 10:00:00,seed_generator,BE0000338,PO0000338,Debra,Mullen,debra.mullen.338@example.co.ke,+254791882291,True
2025-09-17 10:00:00,seed_generator,2025-09-24 10:00:00,seed_generator,BE0000339,PO0000339,William,Benson,william.benson.339@example.co.ke,+254773411376,True
2024-03-11 10:00:00,seed_generator,2024-04-03 10:00:00,seed_generator,BE0000340,PO0000340,Marcus,Wilson,marcus.wilson.340@example.co.ke,+254799085263,True
2024-02-01 10:00:00,seed_generator,2024-02-03 10:00:00,seed_generator,BE0000341,PO0000341,Michael,Castillo,michael.castillo.341@example.co.ke,+254795052118,True
2024-06-12 10:00:00,seed_generator,2024-07-07 10:00:00,seed_generator,BE0000342,PO0000342,Ashley,Contreras,ashley.contreras.342@example.co.ke,+254787796412,True
2025-01-31 10:00:00,seed_generator,2025-02-19 10:00:00,seed_generator,BE0000343,PO0000343,Robert,Adkins,robert.adkins.343@example.co.ke,+254717083242,True
2024-12-30 10:00:00,seed_generator,2025-01-16 10:00:00,seed_generator,BE0000344,PO0000344,Maureen,Mitchell,maureen.mitchell.344@example.co.ke,+254711447323,True
2024-08-23 10:00:00,seed_generator,2024-09-06 10:00:00,seed_generator,BE0000345,PO0000345,Melanie,Stokes,melanie.stokes.345@example.co.ke,+254778808477,True
2024-08-23 10:00:00,seed_generator,2024-09-10 10:00:00,seed_generator,BE0000346,PO0000346,Alexandra,Johnson,alexandra.johnson.346@example.co.ke,+254754495054,True
2024-10-11 10:00:00,seed_generator,2024-10-22 10:00:00,seed_generator,BE0000347,PO0000347,Dustin,Santiago,dustin.santiago.347@example.co.ke,+254749542951,True
2025-02-23 10:00:00,seed_generator,2025-02-28 10:00:00,seed_generator,BE0000348,PO0000348,James,Christensen,james.christensen.348@example.co.ke,+254714741407,True
2024-01-05 10:00:00,seed_generator,2024-02-03 10:00:00,seed_generator,BE0000349,PO0000349,Eugene,Mitchell,eugene.mitchell.349@example.co.ke,+254790213415,True
2023-11-10 10:00:00,seed_generator,2023-11-19 10:00:00,seed_generator,BE0000350,PO0000350,John,Franco,john.franco.350@example.co.ke,+254785659375,True
2025-03-25 10:00:00,seed_generator,2025-03-26 10:00:00,seed_generator,BE0000351,PO0000351,Hannah,Phillips,hannah.phillips.351@example.co.ke,+254794463223,True
2024-08-19 10:00:00,seed_generator,2024-09-06 10:00:00,seed_generator,BE0000352,PO0000352,Karen,Johnson,karen.johnson.352@example.co.ke,+254732693431,True
2024-05-09 10:00:00,seed_generator,2024-05-10 10:00:00,seed_generator,BE0000353,PO0000353,Lisa,Garcia,lisa.garcia.353@example.co.ke,+254798089763,True
2025-02-21 10:00:00,seed_generator,2025-03-18 10:00:00,seed_generator,BE0000354,PO0000354,Miranda,Stevenson,miranda.stevenson.354@example.co.ke,+254793794410,True
2025-11-19 10:00:00,seed_generator,2025-11-28 10:00:00,seed_generator,BE0000355,PO0000355,Michelle,Newton,michelle.newton.355@example.co.ke,+254775063411,True
2025-09-23 10:00:00,seed_generator,2025-09-27 10:00:00,seed_generator,BE0000356,PO0000356,Anna,Young,anna.young.356@example.co.ke,+254777859961,True
2025-09-29 10:00:00,seed_generator,2025-10-26 10:00:00,seed_generator,BE0000357,PO0000357,Kristen,Lindsey,kristen.lindsey.357@example.co.ke,+254747292234,True
2025-04-02 10:00:00,seed_generator,2025-04-06 10:00:00,seed_generator,BE0000358,PO0000358,Keith,Beck,keith.beck.358@example.co.ke,+254792650976,True
2025-03-04 10:00:00,seed_generator,2025-03-12 10:00:00,seed_generator,BE0000359,PO0000359,Sara,Hughes,sara.hughes.359@example.co.ke,+254744488013,True
2025-12-02 10:00:00,seed_generator,2025-12-25 10:00:00,seed_generator,BE0000360,PO0000360,Sue,Daugherty,sue.daugherty.360@example.co.ke,+254724971907,True
2024-04-07 10:00:00,seed_generator,2024-04-12 10:00:00,seed_generator,BE0000361,PO0000361,Larry,Arnold,larry.arnold.361@example.co.ke,+254789426041,True
2023-11-21 10:00:00,seed_generator,2023-11-25 10:00:00,seed_generator,BE0000362,PO0000362,Alexander,King,alexander.king.362@example.co.ke,+254798470372,True
2024-09-15 10:00:00,seed_generator,2024-09-26 10:00:00,seed_generator,BE0000363,PO0000363,Christine,Norman,christine.norman.363@example.co.ke,+254733541704,True
2025-03-24 10:00:00,seed_generator,2025-04-18 10:00:00,seed_generator,BE0000364,PO0000364,Molly,Greer,molly.greer.364@example.co.ke,+254741701674,True
2024-08-07 10:00:00,seed_generator,2024-08-12 10:00:00,seed_generator,BE0000365,PO0000365,Rhonda,Bush,rhonda.bush.365@example.co.ke,+254780784933,True
2025-11-13 10:00:00,seed_generator,2025-11-23 10:00:00,seed_generator,BE0000366,PO0000366,Deborah,Fischer,deborah.fischer.366@example.co.ke,+254721328172,True
2025-07-21 10:00:00,seed_generator,2025-08-09 10:00:00,seed_generator,BE0000367,PO0000367,Amy,Morrison,amy.morrison.367@example.co.ke,+254730689702,True
2023-08-12 10:00:00,seed_generator,2023-08-27 10:00:00,seed_generator,BE0000368,PO0000368,Kimberly,Brandt,kimberly.brandt.368@example.co.ke,+254765424925,True
2023-10-20 10:00:00,seed_generator,2023-11-01 10:00:00,seed_generator,BE0000369,PO0000369,Kelly,Thompson,kelly.thompson.369@example.co.ke,+254741936764,True
2024-02-09 10:00:00,seed_generator,2024-02-23 10:00:00,seed_generator,BE0000370,PO0000370,Felicia,Lopez,felicia.lopez.370@example.co.ke,+254795573823,True
2025-06-28 10:00:00,seed_generator,2025-07-04 10:00:00,seed_generator,BE0000371,PO0000371,Glenn,Palmer,glenn.palmer.371@example.co.ke,+254787545284,True
2023-11-26 10:00:00,seed_generator,2023-12-22 10:00:00,seed_generator,BE0000372,PO0000372,Nicholas,Patterson,nicholas.patterson.372@example.co.ke,+254756315279,True
2025-10-22 10:00:00,seed_generator,2025-11-11 10:00:00,seed_generator,BE0000373,PO0000373,Angela,Anderson,angela.anderson.373@example.co.ke,+254745486562,True
2023-11-04 10:00:00,seed_generator,2023-11-30 10:00:00,seed_generator,BE0000374,PO0000374,Brandy,Scott,brandy.scott.374@example.co.ke,+254725568500,True
2025-10-24 10:00:00,seed_generator,2025-10-29 10:00:00,seed_generator,BE0000375,PO0000375,Mark,Mckinney,mark.mckinney.375@example.co.ke,+254772279029,True
2024-11-03 10:00:00,seed_generator,2024-11-18 10:00:00,seed_generator,BE0000376,PO0000376,Eric,Hernandez,eric.hernandez.376@example.co.ke,+254750448811,True
2024-08-16 10:00:00,seed_generator,2024-09-08 10:00:00,seed_generator,BE0000377,PO0000377,Marcus,Williams,marcus.williams.377@example.co.ke,+254781473736,True
2025-04-21 10:00:00,seed_generator,2025-05-03 10:00:00,seed_generator,BE0000378,PO0000378,Sarah,Gilbert,sarah.gilbert.378@example.co.ke,+254762354374,True
2024-08-18 10:00:00,seed_generator,2024-08-26 10:00:00,seed_generator,BE0000379,PO0000379,Dorothy,Henry,dorothy.henry.379@example.co.ke,+254729481680,True
2024-06-21 10:00:00,seed_generator,2024-07-18 10:00:00,seed_generator,BE0000380,PO0000380,Ashley,Howard,ashley.howard.380@example.co.ke,+254768349054,True
2025-12-04 10:00:00,seed_generator,2025-12-13 10:00:00,seed_generator,BE0000381,PO0000381,Kristen,Stewart,kristen.stewart.381@example.co.ke,+254770239684,True
2024-11-20 10:00:00,seed_generator,2024-12-11 10:00:00,seed_generator,BE0000382,PO0000382,Jeffrey,White,jeffrey.white.382@example.co.ke,+254752371009,True
2024-06-22 10:00:00,seed_generator,2024-07-13 10:00:00,seed_generator,BE0000383,PO0000383,Carlos,Wagner,carlos.wagner.383@example.co.ke,+254715505291,True
2025-09-08 10:00:00,seed_generator,2025-10-07 10:00:00,seed_generator,BE0000384,PO0000384,Robert,Herrera,robert.herrera.384@example.co.ke,+254781308986,True
2024-03-04 10:00:00,seed_generator,2024-03-15 10:00:00,seed_generator,BE0000385,PO0000385,Christopher,Walker,christopher.walker.385@example.co.ke,+254767953319,True
2024-03-31 10:00:00,seed_generator,2024-04-29 10:00:00,seed_generator,BE0000386,PO0000386,Jason,Rivera,jason.rivera.386@example.co.ke,+254797518806,True
2025-03-12 10:00:00,seed_generator,2025-03-22 10:00:00,seed_generator,BE0000387,PO0000387,Michael,Robinson,michael.robinson.387@example.co.ke,+254746282557,True
2025-03-18 10:00:00,seed_generator,2025-04-12 10:00:00,seed_generator,BE0000388,PO0000388,Karen,Moreno,karen.moreno.388@example.co.ke,+254723190487,True
2025-03-30 10:00:00,seed_generator,2025-04-19 10:00:00,seed_generator,BE0000389,PO0000389,Wendy,Colon,wendy.colon.389@example.co.ke,+254788406887,True
2024-11-11 10:00:00,seed_generator,2024-11-25 10:00:00,seed_generator,BE0000390,PO0000390,Tina,Smith,tina.smith.390@example.co.ke,+254742453439,True
2023-11-26 10:00:00,seed_generator,2023-12-17 10:00:00,seed_generator,BE0000391,PO0000391,Elizabeth,Griffin,elizabeth.griffin.391@example.co.ke,+254789017236,True
2023-10-20 10:00:00,seed_generator,2023-10-26 10:00:00,seed_generator,BE0000392,PO0000392,Rebecca,Austin,rebecca.austin.392@example.co.ke,+254779786819,True
2025-01-05 10:00:00,seed_generator,2025-01-26 10:00:00,seed_generator,BE0000393,PO0000393,Christine,Haley,christine.haley.393@example.co.ke,+254734148004,True
2025-01-30 10:00:00,seed_generator,2025-02-16 10:00:00,seed_generator,BE0000394,PO0000394,Felicia,Flores,felicia.flores.394@example.co.ke,+254711419753,True
2024-01-28 10:00:00,seed_generator,2024-01-28 10:00:00,seed_generator,BE0000395,PO0000395,Ruth,Landry,ruth.landry.395@example.co.ke,+254719120357,True
2025-12-04 10:00:00,seed_generator,2025-12-17 10:00:00,seed_generator,BE0000396,PO0000396,Paul,Fernandez,paul.fernandez.396@example.co.ke,+254723112905,True
2024-06-27 10:00:00,seed_generator,2024-06-30 10:00:00,seed_generator,BE0000397,PO0000397,Justin,Pruitt,justin.pruitt.397@example.co.ke,+254769853349,True
2024-12-22 10:00:00,seed_generator,2024-12-29 10:00:00,seed_generator,BE0000398,PO0000398,Lynn,Brooks,lynn.brooks.398@example.co.ke,+254748023482,True
2025-04-03 10:00:00,seed_generator,2025-04-09 10:00:00,seed_generator,BE0000399,PO0000399,Leah,Griffin,leah.griffin.399@example.co.ke,+254714569008,True
2025-11-22 10:00:00,seed_generator,2025-12-11 10:00:00,seed_generator,BE0000400,PO0000400,Bradley,Villanueva,bradley.villanueva.400@example.co.ke,+254722340150,True
