created_at,created_by,updated_at,updated_by,claim_id,claim_date,policy_id,agent_id,beneficiary_id,branch_id,claim_amount,reserve_amount,settlement_amount,cause_of_loss,status,active
2024-04-12 10:00:00,seed_generator,2024-05-02 10:00:00,seed_generator,CL0000001,2025-12-05,PO0000030,AG00031,BE0000030,BR0001,698500.00,558800.00,449299.39,Road accident,Settled,True
2024-02-13 10:00:00,seed_generator,2024-03-08 10:00:00,seed_generator,CL0000002,2024-08-26,PO0000363,AG00001,BE0000363,BR0003,100582.00,80465.60,60938.62,Flood,Settled,True
2025-02-18 10:00:00,seed_generator,2025-03-04 10:00:00,seed_generator,CL0000003,2024-07-03,PO0000095,AG00011,BE0000095,BR0008,739445.00,591556.00,0.00,Road accident,Open,True
2024-02-02 10:00:00,seed_generator,2024-02-26 10:00:00,seed_generator,CL0000004,2025-12-05,PO0000328,AG00014,BE0000328,BR0007,299809.00,239847.20,254134.67,Illness,Settled,True
2025-10-14 10:00:00,seed_generator,2025-10-26 10:00:00,seed_generator,CL0000005,2024-07-28,PO0000132,AG00037,BE0000132,BR0007,87591.00,70072.80,0.00,Fire,Pending,True
2024-09-21 10:00:00,seed_generator,2024-09-23 10:00:00,seed_generator,CL0000006,2025-09-09,PO0000171,AG00027,BE0000171,BR0003,280782.00,224625.60,186384.74,Fire,Settled,True
2024-07-31 10:00:00,seed_generator,2024-08-03 10:00:00,seed_generator,CL0000007,2025-11-06,PO0000103,AG00027,BE0000103,BR0007,421707.00,337365.60,0.00,Theft,Open,True
2025-08-30 10:00:00,seed_generator,2025-09-28 10:00:00,seed_generator,CL0000008,2025-06-09,PO0000277,AG00009,BE0000277,BR0009,238994.00,191195.20,0.00,Fire,Rejected,True
2025-10-05 10:00:00,seed_generator,2025-10-23 10:00:00,seed_generator,CL0000009,2025-11-25,PO0000367,AG00029,BE0000367,BR0012,118304.00,94643.20,0.00,Illness,Open,True
2024-03-01 10:00:00,seed_generator,2024-03-01 10:00:00,seed_generator,CL0000010,2025-08-30,PO0000398,AG00037,BE0000398,BR0004,29676.00,23740.80,18221.28,Road accident,Settled,True
2025-01-13 10:00:00,seed_generator,2025-02-10 10:00:00,seed_generator,CL0000011,2025-10-31,PO0000341,AG00029,BE0000341,BR0006,289378.00,231502.40,0.00,Fire,Open,True
2024-08-14 10:00:00,seed_generator,2024-08-27 10:00:00,seed_generator,CL0000012,2025-10-01,PO0000295,AG00022,BE0000295,BR0008,550418.00,440334.40,485207.76,Fire,Settled,True
2024-11-18 10:00:00,seed_generator,2024-12-18 10:00:00,seed_generator,CL0000013,2024-09-23,PO0000373,AG00036,BE0000373,BR0003,576366.00,461092.80,0.00,Fire,Pending,True
2024-01-18 10:00:00,seed_generator,2024-01-27 10:00:00,seed_generator,CL0000014,2025-12-20,PO0000063,AG00026,BE0000063,BR0011,571307.00,457045.60,402391.45,Fire,Settled,True
2024-06-17 10:00:00,seed_generator,2024-07-14 10:00:00,seed_generator,CL0000015,2026-01-09,PO0000029,AG00015,BE0000029,BR0005,688506.00,550804.80,0.00,Illness,Open,True
2025-06-19 10:00:00,seed_generator,2025-07-06 10:00:00,seed_generator,CL0000016,2025-11-19,PO0000042,AG00002,BE0000042,BR0002,314043.00,251234.40,0.00,Road accident,Rejected,True
2024-03-11 10:00:00,seed_generator,2024-04-02 10:00:00,seed_generator,CL0000017,2025-01-30,PO0000197,AG00025,BE0000197,BR0009,323388.00,258710.40,302522.39,Illness,Settled,True
2025-11-10 10:00:00,seed_generator,2025-11-16 10:00:00,seed_generator,CL0000018,2025-03-06,PO0000250,AG00017,BE0000250,BR0003,673529.00,538823.20,425313.18,Road accident,Approved,True
2024-06-11 10:00:00,seed_generator,2024-07-01 10:00:00,seed_generator,CL0000019,2025-12-08,PO0000369,AG00012,BE0000369,BR0009,260069.00,208055.20,150082.40,Illness,Approved,True
2025-01-03 10:00:00,seed_generator,2025-01-04 10:00:00,seed_generator,CL0000020,2025-06-04,PO0000256,AG00016,BE0000256,BR0001,481132.00,384905.60,268019.33,Illness,Settled,True
2023-09-12 10:00:00,seed_generator,2023-10-02 10:00:00,seed_generator,CL0000021,2025-09-16,PO0000370,AG00010,BE0000370,BR0008,435205.00,348164.00,0.00,Flood,Open,True
2025-10-04 10:00:00,seed_generator,2025-10-05 10:00:00,seed_generator,CL0000022,2026-01-13,PO0000235,AG00032,BE0000235,BR0001,166189.00,132951.20,108053.40,Theft,Settled,True
2025-10-31 10:00:00,seed_generator,2025-11-07 10:00:00,seed_generator,CL0000023,2025-11-04,PO0000251,AG00003,BE0000251,BR0003,29989.00,23991.20,28332.05,Theft,Approved,True
2025-02-05 10:00:00,seed_generator,2025-03-03 10:00:00,seed_generator,CL0000024,2025-02-02,PO0000008,AG00027,BE0000008,BR0005,673393.00,538714.40,0.00,Road accident,Open,True
2023-09-01 10:00:00,seed_generator,2023-09-04 10:00:00,seed_generator,CL0000025,2026-01-06,PO0000234,AG00038,BE0000234,BR0002,188980.00,151184.00,109136.29,Road accident,Settled,True
2023-09-08 10:00:00,seed_generator,2023-10-04 10:00:00,seed_generator,CL0000026,2025-03-25,PO0000255,AG00036,BE0000255,BR0011,76175.00,60940.00,55856.91,Fire,Settled,True
2025-07-29 10:00:00,seed_generator,2025-08-08 10:00:00,seed_generator,CL0000027,2025-06-29,PO0000167,AG00037,BE0000167,BR0011,727318.00,581854.40,0.00,Theft,Rejected,True
2025-10-13 10:00:00,seed_generator,2025-10-16 10:00:00,seed_generator,CL0000028,2025-08-25,PO0000392,AG00022,BE0000392,BR0006,631894.00,505515.20,0.00,Illness,Open,True
2024-12-03 10:00:00,seed_generator,2024-12-20 10:00:00,seed_generator,CL0000029,2025-11-28,PO0000073,AG00032,BE0000073,BR0003,445320.00,356256.00,0.00,Theft,Open,True
2025-09-05 10:00:00,seed_generator,2025-09-30 10:00:00,seed_generator,CL0000030,2025-08-28,PO0000225,AG00032,BE0000225,BR0006,620256.00,496204.80,0.00,Flood,Open,True
2024-08-05 10:00:00,seed_generator,2024-08-07 10:00:00,seed_generator,CL0000031,2025-12-07,PO0000193,AG00036,BE0000193,BR0003,175416.00,140332.80,0.00,Road accident,Open,True
2025-03-01 10:00:00,seed_generator,2025-03-14 10:00:00,seed_generator,CL0000032,2025-07-17,PO0000004,AG00008,BE0000004,BR0001,103471.00,82776.80,83325.62,Fire,Settled,True
2025-03-14 10:00:00,seed_generator,2025-03-30 10:00:00,seed_generator,CL0000033,2025-10-11,PO0000355,AG00032,BE0000355,BR0004,226174.00,180939.20,0.00,Fire,Open,True
2025-11-08 10:00:00,seed_generator,2025-11-27 10:00:00,seed_generator,CL0000034,2025-02-16,PO0000211,AG00013,BE0000211,BR0010,193027.00,154421.60,0.00,Theft,Rejected,True
2023-10-07 10:00:00,seed_generator,2023-10-16 10:00:00,seed_generator,CL0000035,2025-09-14,PO0000368,AG00003,BE0000368,BR0008,651780.00,521424.00,534259.12,Illness,Settled,True
2025-08-18 10:00:00,seed_generator,2025-09-03 10:00:00,seed_generator,CL0000036,2024-09-30,PO0000215,AG00012,BE0000215,BR0001,594801.00,475840.80,0.00,Road accident,Pending,True
2024-03-15 10:00:00,seed_generator,2024-04-05 10:00:00,seed_generator,CL0000037,2025-11-12,PO0000317,AG00037,BE0000317,BR0008,575940.00,460752.00,431732.04,Theft,Approved,True
2025-07-17 10:00:00,seed_generator,2025-08-07 10:00:00,seed_generator,CL0000038,2025-08-14,PO0000142,AG00032,BE0000142,BR0009,213129.00,170503.20,0.00,Fire,Open,True
2024-02-25 10:00:00,seed_generator,2024-03-07 10:00:00,seed_generator,CL0000039,2025-02-08,PO0000255,AG00036,BE0000255,BR0011,177520.00,142016.00,100927.17,Illness,Settled,True
2023-09-14 10:00:00,seed_generator,2023-10-12 10:00:00,seed_generator,CL0000040,2025-10-03,PO0000108,AG00011,BE0000108,BR0006,273592.00,218873.60,0.00,Fire,Pending,True
2024-06-14 10:00:00,seed_generator,2024-06-19 10:00:00,seed_generator,CL0000041,2025-11-02,PO0000023,AG00005,BE0000023,BR0011,786383.00,629106.40,0.00,Theft,Open,True
2025-04-20 10:00:00,seed_generator,2025-05-13 10:00:00,seed_generator,CL0000042,2025-05-27,PO0000015,AG00008,BE0000015,BR0012,549915.00,439932.00,0.00,Fire,Open,True
2025-01-17 10:00:00,seed_generator,2025-01-24 10:00:00,seed_generator,CL0000043,2025-12-28,PO0000304,AG00026,BE0000304,BR0004,351806.00,281444.80,306510.03,Road accident,Approved,True
2024-10-20 10:00:00,seed_generator,2024-11-16 10:00:00,seed_generator,CL0000044,2025-07-27,PO0000167,AG00037,BE0000167,BR0011,112827.00,90261.60,0.00,Theft,Pending,True
2024-09-26 10:00:00,seed_generator,2024-09-30 10:00:00,seed_generator,CL0000045,2025-02-24,PO0000193,AG00036,BE0000193,BR0003,87101.00,69680.80,66048.28,Theft,Approved,True
2023-12-10 10:00:00,seed_generator,2023-12-16 10:00:00,seed_generator,CL0000046,2025-05-30,PO0000313,AG00026,BE0000313,BR0007,196710.00,157368.00,119728.33,Illness,Approved,True
2024-01-08 10:00:00,seed_generator,2024-01-26 10:00:00,seed_generator,CL0000047,2025-04-15,PO0000139,AG00007,BE0000139,BR0004,362207.00,289765.60,0.00,Road accident,Open,True
2025-06-24 10:00:00,seed_generator,2025-07-18 10:00:00,seed_generator,CL0000048,2024-12-12,PO0000144,AG00012,BE0000144,BR0006,126506.00,101204.80,94523.88,Illness,Settled,True
2023-09-25 10:00:00,seed_generator,2023-10-15 10:00:00,seed_generator,CL0000049,2025-05-01,PO0000113,AG00027,BE0000113,BR0004,642958.00,514366.40,0.00,Flood,Open,True
2024-06-30 10:00:00,seed_generator,2024-07-15 10:00:00,seed_generator,CL0000050,2025-11-24,PO0000088,AG00002,BE0000088,BR0002,589606.00,471684.80,346207.19,Theft,Settled,True
2023-11-30 10:00:00,seed_generator,2023-12-13 10:00:00,seed_generator,CL0000051,2025-09-05,PO0000303,AG00038,BE0000303,BR0005,495242.00,396193.60,0.00,Theft,Pending,True
2024-04-20 10:00:00,seed_generator,2024-05-20 10:00:00,seed_generator,CL0000052,2025-03-05,PO0000127,AG00026,BE0000127,BR0009,465342.00,372273.60,0.00,Theft,Rejected,True
2024-08-22 10:00:00,seed_generator,2024-09-14 10:00:00,seed_generator,CL0000053,2025-12-24,PO0000294,AG00039,BE0000294,BR0003,15324.00,12259.20,8719.61,Flood,Approved,True
2024-01-03 10:00:00,seed_generator,2024-01-29 10:00:00,seed_generator,CL0000054,2025-06-20,PO0000018,AG00021,BE0000018,BR0004,566921.00,453536.80,509196.03,Road accident,Approved,True
2023-11-06 10:00:00,seed_generator,2023-11-06 10:00:00,seed_generator,CL0000055,2025-11-18,PO0000232,AG00003,BE0000232,BR0003,262194.00,209755.20,0.00,Fire,Open,True
2024-02-22 10:00:00,seed_generator,2024-02-24 10:00:00,seed_generator,CL0000056,2024-05-18,PO0000112,AG00016,BE0000112,BR0001,385815.00,308652.00,0.00,Road accident,Pending,True
2023-11-12 10:00:00,seed_generator,2023-11-30 10:00:00,seed_generator,CL0000057,2025-12-03,PO0000246,AG00019,BE0000246,BR0012,179662.00,143729.60,165092.58,Road accident,Settled,True
2023-09-30 10:00:00,seed_generator,2023-10-27 10:00:00,seed_generator,CL0000058,2025-05-13,PO0000233,AG00026,BE0000233,BR0004,155357.00,124285.60,112525.85,Illness,Settled,True
2024-03-14 10:00:00,seed_generator,2024-03-16 10:00:00,seed_generator,CL0000059,2025-07-07,PO0000321,AG00021,BE0000321,BR0006,748094.00,598475.20,0.00,Fire,Rejected,True
2024-10-06 10:00:00,seed_generator,2024-10-30 10:00:00,seed_generator,CL0000060,2025-03-22,PO0000354,AG00012,BE0000354,BR0003,566710.00,453368.00,0.00,Illness,Open,True
2025-01-07 10:00:00,seed_generator,2025-01-30 10:00:00,seed_generator,CL0000061,2025-08-04,PO0000358,AG00006,BE0000358,BR0003,727923.00,582338.40,0.00,Road accident,Open,True
2024-12-07 10:00:00,seed_generator,2024-12-21 10:00:00,seed_generator,CL0000062,2025-11-24,PO0000264,AG00023,BE0000264,BR0009,64067.00,51253.60,0.00,Flood,Open,True
2024-05-23 10:00:00,seed_generator,2024-06-14 10:00:00,seed_generator,CL0000063,2025-12-18,PO0000021,AG00032,BE0000021,BR0012,394232.00,315385.60,0.00,Road accident,Open,True
2025-08-22 10:00:00,seed_generator,2025-09-11 10:00:00,seed_generator,CL0000064,2024-12-18,PO0000288,AG00033,BE0000288,BR0011,155129.00,124103.20,101239.06,Fire,Settled,True
2023-11-15 10:00:00,seed_generator,2023-12-09 10:00:00,seed_generator,CL0000065,2025-12-21,PO0000378,AG00024,BE0000378,BR0012,746984.00,597587.20,0.00,Theft,Pending,True
2025-10-22 10:00:00,seed_generator,2025-10-24 10:00:00,seed_generator,CL0000066,2025-08-27,PO0000165,AG00004,BE0000165,BR0007,290345.00,232276.00,212491.75,Illness,Approved,True
2024-08-22 10:00:00,seed_generator,2024-09-13 10:00:00,seed_generator,CL0000067,2025-05-22,PO0000177,AG00006,BE0000177,BR0004,519845.00,415876.00,471349.04,Flood,Approved,True
2024-01-27 10:00:00,seed_generator,2024-02-26 10:00:00,seed_generator,CL0000068,2025-12-19,PO0000348,AG00020,BE0000348,BR0006,316461.00,253168.80,224150.19,Road accident,Approved,True
2025-06-16 10:00:00,seed_generator,2025-06-25 10:00:00,seed_generator,CL0000069,2025-12-22,PO0000097,AG00021,BE0000097,BR0003,101549.00,81239.20,0.00,Road accident,Open,True
2025-07-18 10:00:00,seed_generator,2025-08-02 10:00:00,seed_generator,CL0000070,2024-08-02,PO0000056,AG00026,BE0000056,BR0006,299346.00,239476.80,0.00,Theft,Open,True
2024-10-16 10:00:00,seed_generator,2024-11-06 10:00:00,seed_generator,CL0000071,2025-11-14,PO0000105,AG00005,BE0000105,BR0005,667746.00,534196.80,0.00,Flood,Open,True
2025-11-25 10:00:00,seed_generator,2025-12-04 10:00:00,seed_generator,CL0000072,2025-10-24,PO0000068,AG00020,BE0000068,BR0010,373541.00,298832.80,323940.35,Theft,Approved,True
2025-01-07 10:00:00,seed_generator,2025-01-20 10:00:00,seed_generator,CL0000073,2025-12-03,PO0000033,AG00003,BE0000033,BR0003,253613.00,202890.40,196153.63,Flood,Settled,True
2024-02-04 10:00:00,seed_generator,2024-02-26 10:00:00,seed_generator,CL0000074,2025-09-15,PO0000176,AG00007,BE0000176,BR0004,687433.00,549946.40,521791.76,Flood,Settled,True
2025-08-03 10:00:00,seed_generator,2025-08-31 10:00:00,seed_generator,CL0000075,2025-09-26,PO0000281,AG00016,BE0000281,BR0010,490255.00,392204.00,0.00,Illness,Pending,True
2023-10-20 10:00:00,seed_generator,2023-11-16 10:00:00,seed_generator,CL0000076,2025-01-03,PO0000088,AG00002,BE0000088,BR0002,247798.00,198238.40,239722.60,Road accident,Approved,True
2025-07-05 10:00:00,seed_generator,2025-07-27 10:00:00,seed_generator,CL0000077,2025-02-08,PO0000076,AG00014,BE0000076,BR0007,308196.00,246556.80,191554.95,Flood,Approved,True
2024-02-03 10:00:00,seed_generator,2024-02-28 10:00:00,seed_generator,CL0000078,2025-11-19,PO0000147,AG00040,BE0000147,BR0006,193877.00,155101.60,164394.02,Theft,Settled,True
2025-01-26 10:00:00,seed_generator,2025-02-13 10:00:00,seed_generator,CL0000079,2025-11-09,PO0000083,AG00029,BE0000083,BR0002,132596.00,106076.80,0.00,Theft,Open,True
2024-05-20 10:00:00,seed_generator,2024-06-11 10:00:00,seed_generator,CL0000080,2025-08-09,PO0000226,AG00026,BE0000226,BR0004,397629.00,318103.20,0.00,Road accident,Open,True
2024-09-13 10:00:00,seed_generator,2024-09-30 10:00:00,seed_generator,CL0000081,2025-10-22,PO0000341,AG00029,BE0000341,BR0006,370549.00,296439.20,0.00,Theft,Open,True
2024-07-23 10:00:00,seed_generator,2024-08-16 10:00:00,seed_generator,CL0000082,2025-04-10,PO0000274,AG00021,BE0000274,BR0007,137391.00,109912.80,99465.84,Theft,Settled,True
2023-11-21 10:00:00,seed_generator,2023-12-08 10:00:00,seed_generator,CL0000083,2025-12-16,PO0000235,AG00032,BE0000235,BR0001,173633.00,138906.40,0.00,Flood,Open,True
2023-11-05 10:00:00,seed_generator,2023-11-23 10:00:00,seed_generator,CL0000084,2025-01-27,PO0000170,AG00021,BE0000170,BR0005,506931.00,405544.80,490166.99,Theft,Settled,True
2025-08-23 10:00:00,seed_generator,2025-09-15 10:00:00,seed_generator,CL0000085,2025-11-11,PO0000290,AG00038,BE0000290,BR0003,473581.00,378864.80,0.00,Fire,Pending,True
2025-02-04 10:00:00,seed_generator,2025-02-04 10:00:00,seed_generator,CL0000086,2025-11-19,PO0000021,AG00032,BE0000021,BR0012,720943.00,576754.40,0.00,Fire,Rejected,True
2024-04-03 10:00:00,seed_generator,2024-04-23 10:00:00,seed_generator,CL0000087,2025-10-07,PO0000317,AG00037,BE0000317,BR0008,477636.00,382108.80,329730.08,Theft,Approved,True
2025-05-30 10:00:00,seed_generator,2025-05-30 10:00:00,seed_generator,CL0000088,2025-10-31,PO0000299,AG00034,BE0000299,BR0007,242934.00,194347.20,213745.70,Road accident,Settled,True
2024-07-10 10:00:00,seed_generator,2024-07-22 10:00:00,seed_generator,CL0000089,2025-12-03,PO0000276,AG00032,BE0000276,BR0009,719952.00,575961.60,423023.70,Theft,Settled,True
2025-10-20 10:00:00,seed_generator,2025-11-18 10:00:00,seed_generator,CL0000090,2025-12-19,PO0000252,AG00036,BE0000252,BR0006,642471.00,513976.80,0.00,Illness,Rejected,True
2024-11-30 10:00:00,seed_generator,2024-11-30 10:00:00,seed_generator,CL0000091,2025-01-08,PO0000204,AG00034,BE0000204,BR0006,760742.00,608593.60,539321.11,Illness,Settled,True
2025-09-18 10:00:00,seed_generator,2025-09-24 10:00:00,seed_generator,CL0000092,2025-03-31,PO0000177,AG00006,BE0000177,BR0004,333050.00,266440.00,308387.56,Fire,Settled,True
2023-09-13 10:00:00,seed_generator,2023-10-06 10:00:00,seed_generator,CL0000093,2026-01-15,PO0000380,AG00034,BE0000380,BR0011,445798.00,356638.40,300518.06,Fire,Settled,True
2025-07-22 10:00:00,seed_generator,2025-07-28 10:00:00,seed_generator,CL0000094,2025-12-11,PO0000374,AG00005,BE0000374,BR0001,156347.00,125077.60,126189.60,Illness,Settled,True
2024-04-21 10:00:00,seed_generator,2024-05-15 10:00:00,seed_generator,CL0000095,2026-01-12,PO0000244,AG00011,BE0000244,BR0005,560818.00,448654.40,324393.84,Fire,Settled,True
2025-03-12 10:00:00,seed_generator,2025-03-25 10:00:00,seed_generator,CL0000096,2024-09-18,PO0000046,AG00039,BE0000046,BR0010,439350.00,351480.00,0.00,Theft,Rejected,True
2025-07-29 10:00:00,seed_generator,2025-08-04 10:00:00,seed_generator,CL0000097,2025-10-14,PO0000285,AG00017,BE0000285,BR0010,754747.00,603797.60,0.00,Theft,Rejected,True
2025-02-10 10:00:00,seed_generator,2025-03-08 10:00:00,seed_generator,CL0000098,2025-09-15,PO0000196,AG00038,BE0000196,BR0010,590771.00,472616.80,533940.99,Flood,Approved,True
2023-09-28 10:00:00,seed_generator,2023-09-28 10:00:00,seed_generator,CL0000099,2025-08-05,PO0000156,AG00022,BE0000156,BR0010,596448.00,477158.40,385629.69,Theft,Settled,True
2024-02-16 10:00:00,seed_generator,2024-03-08 10:00:00,seed_generator,CL0000100,2025-10-02,PO0000135,AG00025,BE0000135,BR0003,681670.00,545336.00,513428.87,Illness,Settled,True
2025-11-17 10:00:00,seed_generator,2025-11-20 10:00:00,seed_generator,CL0000101,2024-10-03,PO0000214,AG00007,BE0000214,BR0005,525780.00,420624.00,434955.67,Illness,Settled,True
2024-05-16 10:00:00,seed_generator,2024-05-29 10:00:00,seed_generator,CL0000102,2025-07-10,PO0000253,AG00005,BE0000253,BR0009,637983.00,510386.40,510295.99,Illness,Settled,True
2023-11-27 10:00:00,seed_generator,2023-12-15 10:00:00,seed_generator,CL0000103,2025-11-06,PO0000322,AG00013,BE0000322,BR0008,737968.00,590374.40,524309.26,Road accident,Settled,True
2025-01-23 10:00:00,seed_generator,2025-02-06 10:00:00,seed_generator,CL0000104,2024-07-16,PO0000133,AG00023,BE0000133,BR0004,619908.00,495926.40,0.00,Theft,Open,True
2024-10-13 10:00:00,seed_generator,2024-11-02 10:00:00,seed_generator,CL0000105,2025-01-10,PO0000183,AG00037,BE0000183,BR0004,65457.00,52365.60,0.00,Illness,Pending,True
2024-07-08 10:00:00,seed_generator,2024-07-14 10:00:00,seed_generator,CL0000106,2024-12-24,PO0000025,AG00040,BE0000025,BR0008,315831.00,252664.80,300865.76,Theft,Approved,True
2025-01-27 10:00:00,seed_generator,2025-02-22 10:00:00,seed_generator,CL0000107,2025-09-07,PO0000392,AG00022,BE0000392,BR0006,637847.00,510277.60,499942.12,Illness,Settled,True
2024-05-02 10:00:00,seed_generator,2024-05-13 10:00:00,seed_generator,CL0000108,2025-12-18,PO0000139,AG00007,BE0000139,BR0004,741871.00,593496.80,438600.34,Theft,Settled,True
2023-10-11 10:00:00,seed_generator,2023-10-26 10:00:00,seed_generator,CL0000109,2025-07-05,PO0000007,AG00037,BE0000007,BR0006,553341.00,442672.80,0.00,Fire,Pending,True
2025-07-11 10:00:00,seed_generator,2025-07-27 10:00:00,seed_generator,CL0000110,2025-12-16,PO0000175,AG00018,BE0000175,BR0006,180948.00,144758.40,0.00,Theft,Open,True
2023-09-17 10:00:00,seed_generator,2023-09-20 10:00:00,seed_generator,CL0000111,2026-01-08,PO0000097,AG00021,BE0000097,BR0003,567942.00,454353.60,483871.76,Fire,Settled,True
2024-08-12 10:00:00,seed_generator,2024-08-23 10:00:00,seed_generator,CL0000112,2025-04-28,PO0000236,AG00033,BE0000236,BR0003,132227.00,105781.60,125227.72,Illness,Settled,True
2024-04-14 10:00:00,seed_generator,2024-04-30 10:00:00,seed_generator,CL0000113,2025-04-06,PO0000354,AG00012,BE0000354,BR0003,155766.00,124612.80,145264.62,Illness,Settled,True
2025-08-07 10:00:00,seed_generator,2025-09-03 10:00:00,seed_generator,CL0000114,2025-09-15,PO0000089,AG00009,BE0000089,BR0011,40156.00,32124.80,24133.62,Theft,Settled,True
2025-08-05 10:00:00,seed_generator,2025-08-07 10:00:00,seed_generator,CL0000115,2025-11-01,PO0000353,AG00040,BE0000353,BR0012,332361.00,265888.80,0.00,Fire,Open,True
2023-10-15 10:00:00,seed_generator,2023-10-30 10:00:00,seed_generator,CL0000116,2025-10-28,PO0000354,AG00012,BE0000354,BR0003,127149.00,101719.20,0.00,Fire,Open,True
2024-02-10 10:00:00,seed_generator,2024-02-26 10:00:00,seed_generator,CL0000117,2025-01-09,PO0000022,AG00009,BE0000022,BR0012,123054.00,98443.20,0.00,Flood,Open,True
2025-02-11 10:00:00,seed_generator,2025-03-04 10:00:00,seed_generator,CL0000118,2025-09-24,PO0000031,AG00022,BE0000031,BR0010,134698.00,107758.40,76590.77,Road accident,Settled,True
2025-05-26 10:00:00,seed_generator,2025-05-31 10:00:00,seed_generator,CL0000119,2024-04-15,PO0000387,AG00021,BE0000387,BR0001,139806.00,111844.80,89241.32,Illness,Settled,True
2024-05-02 10:00:00,seed_generator,2024-05-13 10:00:00,seed_generator,CL0000120,2024-04-18,PO0000015,AG00008,BE0000015,BR0012,162627.00,130101.60,155307.70,Illness,Settled,True
2024-07-17 10:00:00,seed_generator,2024-08-04 10:00:00,seed_generator,CL0000121,2025-12-13,PO0000083,AG00029,BE0000083,BR0002,773944.00,619155.20,0.00,Road accident,Rejected,True
2025-06-03 10:00:00,seed_generator,2025-07-03 10:00:00,seed_generator,CL0000122,2025-09-02,PO0000051,AG00036,BE0000051,BR0001,564527.00,451621.60,0.00,Illness,Pending,True
2025-05-11 10:00:00,seed_generator,2025-06-09 10:00:00,seed_generator,CL0000123,2025-10-14,PO0000088,AG00002,BE0000088,BR0002,14539.00,11631.20,8613.41,Flood,Settled,True
2024-01-27 10:00:00,seed_generator,2024-02-26 10:00:00,seed_generator,CL0000124,2025-08-25,PO0000363,AG00001,BE0000363,BR0003,394264.00,315411.20,248230.22,Road accident,Settled,True
2024-10-25 10:00:00,seed_generator,2024-10-28 10:00:00,seed_generator,CL0000125,2025-06-17,PO0000093,AG00009,BE0000093,BR0008,408055.00,326444.00,314662.61,Illness,Approved,True
2024-12-12 10:00:00,seed_generator,2025-01-03 10:00:00,seed_generator,CL0000126,2025-05-22,PO0000064,AG00029,BE0000064,BR0010,125674.00,100539.20,95914.51,Illness,Approved,True
2025-08-20 10:00:00,seed_generator,2025-09-01 10:00:00,seed_generator,CL0000127,2025-11-06,PO0000286,AG00005,BE0000286,BR0009,96243.00,76994.40,0.00,Illness,Pending,True
2023-08-08 10:00:00,seed_generator,2023-08-22 10:00:00,seed_generator,CL0000128,2025-12-26,PO0000234,AG00038,BE0000234,BR0002,781934.00,625547.20,0.00,Theft,Pending,True
2025-10-06 10:00:00,seed_generator,2025-11-03 10:00:00,seed_generator,CL0000129,2025-08-01,PO0000284,AG00003,BE0000284,BR0001,314704.00,251763.20,231000.14,Fire,Settled,True
2024-01-26 10:00:00,seed_generator,2024-02-10 10:00:00,seed_generator,CL0000130,2025-09-26,PO0000348,AG00020,BE0000348,BR0006,198006.00,158404.80,0.00,Road accident,Open,True
2025-07-23 10:00:00,seed_generator,2025-08-04 10:00:00,seed_generator,CL0000131,2025-08-04,PO0000203,AG00020,BE0000203,BR0003,558051.00,446440.80,327326.23,Fire,Settled,True
2025-06-27 10:00:00,seed_generator,2025-06-29 10:00:00,seed_generator,CL0000132,2025-11-30,PO0000356,AG00019,BE0000356,BR0005,116663.00,93330.40,108933.36,Illness,Settled,True
2024-10-29 10:00:00,seed_generator,2024-11-01 10:00:00,seed_generator,CL0000133,2025-02-25,PO0000102,AG00017,BE0000102,BR0004,219991.00,175992.80,0.00,Theft,Rejected,True
2024-04-18 10:00:00,seed_generator,2024-04-26 10:00:00,seed_generator,CL0000134,2025-10-28,PO0000218,AG00025,BE0000218,BR0012,302047.00,241637.60,265610.48,Fire,Settled,True
2024-10-28 10:00:00,seed_generator,2024-11-12 10:00:00,seed_generator,CL0000135,2025-06-19,PO0000183,AG00037,BE0000183,BR0004,709061.00,567248.80,0.00,Flood,Rejected,True
2025-04-04 10:00:00,seed_generator,2025-04-19 10:00:00,seed_generator,CL0000136,2024-08-31,PO0000143,AG00002,BE0000143,BR0009,486719.00,389375.20,0.00,Fire,Open,True
2023-11-22 10:00:00,seed_generator,2023-11-23 10:00:00,seed_generator,CL0000137,2025-10-07,PO0000119,AG00020,BE0000119,BR0002,151147.00,120917.60,0.00,Road accident,Open,True
2024-01-21 10:00:00,seed_generator,2024-01-31 10:00:00,seed_generator,CL0000138,2025-08-17,PO0000256,AG00016,BE0000256,BR0001,38048.00,30438.40,27186.52,Theft,Settled,True
2025-09-29 10:00:00,seed_generator,2025-10-20 10:00:00,seed_generator,CL0000139,2025-12-14,PO0000156,AG00022,BE0000156,BR0010,663506.00,530804.80,0.00,Flood,Open,True
2024-02-08 10:00:00,seed_generator,2024-02-23 10:00:00,seed_generator,CL0000140,2025-09-20,PO0000393,AG00039,BE0000393,BR0001,498659.00,398927.20,0.00,Fire,Pending,True
2024-06-11 10:00:00,seed_generator,2024-06-28 10:00:00,seed_generator,CL0000141,2025-08-16,PO0000259,AG00035,BE0000259,BR0009,578787.00,463029.60,0.00,Road accident,Pending,True
2024-09-12 10:00:00,seed_generator,2024-09-22 10:00:00,seed_generator,CL0000142,2025-08-22,PO0000392,AG00022,BE0000392,BR0006,461313.00,369050.40,277354.14,Fire,Settled,True
2024-05-25 10:00:00,seed_generator,2024-06-15 10:00:00,seed_generator,CL0000143,2025-11-25,PO0000227,AG00021,BE0000227,BR0002,47728.00,38182.40,0.00,Illness,Open,True
2024-11-13 10:00:00,seed_generator,2024-11-28 10:00:00,seed_generator,CL0000144,2025-08-28,PO0000362,AG00020,BE0000362,BR0004,525353.00,420282.40,359529.35,Road accident,Approved,True
2024-06-12 10:00:00,seed_generator,2024-06-30 10:00:00,seed_generator,CL0000145,2025-10-15,PO0000292,AG00012,BE0000292,BR0009,702142.00,561713.60,0.00,Fire,Rejected,True
2024-07-28 10:00:00,seed_generator,2024-08-15 10:00:00,seed_generator,CL0000146,2025-12-23,PO0000244,AG00011,BE0000244,BR0005,173903.00,139122.40,124913.74,Fire,Approved,True
2025-11-18 10:00:00,seed_generator,2025-12-06 10:00:00,seed_generator,CL0000147,2025-04-16,PO0000316,AG00022,BE0000316,BR0002,308254.00,246603.20,0.00,Road accident,Pending,True
2023-10-25 10:00:00,seed_generator,2023-11-22 10:00:00,seed_generator,CL0000148,2025-07-16,PO0000066,AG00017,BE0000066,BR0011,375823.00,300658.40,301073.99,Illness,Settled,True
2024-12-16 10:00:00,seed_generator,2024-12-29 10:00:00,seed_generator,CL0000149,2025-02-17,PO0000195,AG00027,BE0000195,BR0006,458945.00,367156.00,0.00,Illness,Pending,True
2025-01-31 10:00:00,seed_generator,2025-02-18 10:00:00,seed_generator,CL0000150,2025-06-25,PO0000029,AG00015,BE0000029,BR0005,269642.00,215713.60,0.00,Road accident,Pending,True
2025-06-26 10:00:00,seed_generator,2025-06-26 10:00:00,seed_generator,CL0000151,2025-10-11,PO0000353,AG00040,BE0000353,BR0012,329723.00,263778.40,0.00,Flood,Open,True
2024-07-07 10:00:00,seed_generator,2024-08-04 10:00:00,seed_generator,CL0000152,2025-06-08,PO0000167,AG00037,BE0000167,BR0011,493298.00,394638.40,360928.10,Fire,Settled,True
2025-01-26 10:00:00,seed_generator,2025-02-07 10:00:00,seed_generator,CL0000153,2025-07-17,PO0000137,AG00037,BE0000137,BR0009,739765.00,591812.00,413944.14,Flood,Approved,True
2024-08-03 10:00:00,seed_generator,2024-08-06 10:00:00,seed_generator,CL0000154,2025-11-04,PO0000200,AG00006,BE0000200,BR0003,610350.00,488280.00,0.00,Theft,Open,True
2025-06-29 10:00:00,seed_generator,2025-07-18 10:00:00,seed_generator,CL0000155,2025-06-09,PO0000173,AG00039,BE0000173,BR0008,537191.00,429752.80,449616.32,Illness,Settled,True
2023-10-02 10:00:00,seed_generator,2023-10-04 10:00:00,seed_generator,CL0000156,2025-09-22,PO0000187,AG00024,BE0000187,BR0009,221559.00,177247.20,202583.28,Flood,Approved,True
2024-05-08 10:00:00,seed_generator,2024-05-20 10:00:00,seed_generator,CL0000157,2025-11-10,PO0000110,AG00024,BE0000110,BR0001,288035.00,230428.00,0.00,Theft,Open,True
2024-04-19 10:00:00,seed_generator,2024-04-29 10:00:00,seed_generator,CL0000158,2026-01-09,PO0000320,AG00016,BE0000320,BR0005,106424.00,85139.20,84992.66,Illness,Settled,True
2023-09-24 10:00:00,seed_generator,2023-09-26 10:00:00,seed_generator,CL0000159,2025-12-27,PO0000035,AG00035,BE0000035,BR0006,566860.00,453488.00,362896.88,Illness,Approved,True
2025-05-26 10:00:00,seed_generator,2025-06-08 10:00:00,seed_generator,CL0000160,2026-01-02,PO0000259,AG00035,BE0000259,BR0009,324477.00,259581.60,253798.60,Fire,Approved,True
2025-11-27 10:00:00,seed_generator,2025-12-17 10:00:00,seed_generator,CL0000161,2026-01-07,PO0000129,AG00008,BE0000129,BR0001,485244.00,388195.20,381135.81,Flood,Settled,True
2023-08-26 10:00:00,seed_generator,2023-09-18 10:00:00,seed_generator,CL0000162,2025-12-18,PO0000096,AG00014,BE0000096,BR0002,533452.00,426761.60,0.00,Fire,Pending,True
2024-09-28 10:00:00,seed_generator,2024-10-27 10:00:00,seed_generator,CL0000163,2025-11-11,PO0000138,AG00018,BE0000138,BR0001,568596.00,454876.80,521228.03,Flood,Settled,True
2024-08-30 10:00:00,seed_generator,2024-09-03 10:00:00,seed_generator,CL0000164,2024-09-13,PO0000373,AG00036,BE0000373,BR0003,557639.00,446111.20,0.00,Theft,Pending,True
2025-10-12 10:00:00,seed_generator,2025-11-01 10:00:00,seed_generator,CL0000165,2025-06-06,PO0000078,AG00023,BE0000078,BR0012,466538.00,373230.40,429158.96,Theft,Approved,True
2025-03-29 10:00:00,seed_generator,2025-04-19 10:00:00,seed_generator,CL0000166,2025-04-25,PO0000212,AG00011,BE0000212,BR0001,310988.00,248790.40,0.00,Flood,Rejected,True
2025-06-03 10:00:00,seed_generator,2025-06-03 10:00:00,seed_generator,CL0000167,2025-09-22,PO0000121,AG00006,BE0000121,BR0010,260067.00,208053.60,0.00,Theft,Open,True
2024-09-26 10:00:00,seed_generator,2024-10-09 10:00:00,seed_generator,CL0000168,2025-07-28,PO0000159,AG00032,BE0000159,BR0003,518960.00,415168.00,0.00,Road accident,Rejected,True
2025-03-27 10:00:00,seed_generator,2025-04-21 10:00:00,seed_generator,CL0000169,2025-08-14,PO0000104,AG00020,BE0000104,BR0002,295959.00,236767.20,0.00,Illness,Open,True
2025-11-03 10:00:00,seed_generator,2025-12-03 10:00:00,seed_generator,CL0000170,2025-09-06,PO0000338,AG00029,BE0000338,BR0002,194533.00,155626.40,0.00,Fire,Rejected,True
2025-02-14 10:00:00,seed_generator,2025-03-13 10:00:00,seed_generator,CL0000171,2025-05-28,PO0000011,AG00010,BE0000011,BR0008,98006.00,78404.80,0.00,Road accident,Pending,True
2024-11-05 10:00:00,seed_generator,2024-12-05 10:00:00,seed_generator,CL0000172,2025-12-19,PO0000209,AG00001,BE0000209,BR0005,391088.00,312870.40,364047.91,Theft,Settled,True
2024-06-30 10:00:00,seed_generator,2024-07-21 10:00:00,seed_generator,CL0000173,2025-04-25,PO0000121,AG00006,BE0000121,BR0010,608708.00,486966.40,578980.07,Flood,Settled,True
2024-04-11 10:00:00,seed_generator,2024-04-14 10:00:00,seed_generator,CL0000174,2025-11-27,PO0000397,AG00033,BE0000397,BR0007,274039.00,219231.20,161356.08,Illness,Approved,True
2025-05-07 10:00:00,seed_generator,2025-05-11 10:00:00,seed_generator,CL0000175,2025-08-29,PO0000169,AG00039,BE0000169,BR0005,794727.00,635781.60,756790.74,Road accident,Settled,True
2024-04-22 10:00:00,seed_generator,2024-04-23 10:00:00,seed_generator,CL0000176,2024-11-11,PO0000090,AG00024,BE0000090,BR0011,297883.00,238306.40,196409.62,Fire,Approved,True
2024-10-09 10:00:00,seed_generator,2024-10-24 10:00:00,seed_generator,CL0000177,2025-06-24,PO0000274,AG00021,BE0000274,BR0007,743602.00,594881.60,510178.40,Theft,Settled,True
2025-02-04 10:00:00,seed_generator,2025-02-04 10:00:00,seed_generator,CL0000178,2024-08-29,PO0000143,AG00002,BE0000143,BR0009,390631.00,312504.80,276616.71,Flood,Approved,True
2025-04-01 10:00:00,seed_generator,2025-04-18 10:00:00,seed_generator,CL0000179,2024-06-05,PO0000018,AG00021,BE0000018,BR0004,734233.00,587386.40,615865.39,Fire,Settled,True
2025-04-18 10:00:00,seed_generator,2025-05-15 10:00:00,seed_generator,CL0000180,2025-04-15,PO0000159,AG00032,BE0000159,BR0003,728534.00,582827.20,0.00,Fire,Open,True
