created_at,created_by,updated_at,updated_by,customer_id,national_id,first_name,last_name,email,phone_number,date_of_birth,gender,address,city,state,zip_code,active
2025-03-24 10:00:00,seed_generator,2025-03-29 10:00:00,seed_generator,CU000001,29481358,James,Herrera,james.herrera.1@example.co.ke,+254745630292,1963-06-07,Female,2473 Scott Wall,Mombasa,Mombasa,80100,True
2023-12-01 10:00:00,seed_generator,2023-12-26 10:00:00,seed_generator,CU000002,20525264,Melissa,Garcia,melissa.garcia.2@example.co.ke,+254768571795,2005-11-18,Female,32677 Michelle Circle,Eldoret,Uasin Gishu,30100,True
2025-03-31 10:00:00,seed_generator,2025-04-01 10:00:00,seed_generator,CU000003,33782887,Franklin,Smith,franklin.smith.3@example.co.ke,+254768526649,1960-02-25,Female,7468 Moore Hill Apt. 098,Nakuru,Nakuru,20100,True
2024-02-05 10:00:00,seed_generator,2024-03-05 10:00:00,seed_generator,CU000004,21079674,Bruce,Edwards,bruce.edwards.4@example.co.ke,+254793638503,1988-02-29,Female,788 Brian Pass,Mombasa,Mombasa,80100,True
2024-07-15 10:00:00,seed_generator,2024-07-24 10:00:00,seed_generator,CU000005,32377212,Christopher,Lopez,christopher.lopez.5@example.co.ke,+254764813568,1989-04-06,Male,361 Beth Canyon,Thika,Kiambu,01000,True
2025-06-03 10:00:00,seed_generator,2025-06-16 10:00:00,seed_generator,CU000006,32311329,Christine,Barnes,christine.barnes.6@example.co.ke,+254760888017,1975-08-12,Male,3534 Anderson Rue Suite 751,Kisumu,Kisumu,40100,True
2025-02-08 10:00:00,seed_generator,2025-02-17 10:00:00,seed_generator,CU000007,17052560,Albert,Howell,albert.howell.7@example.co.ke,+254767698610,1988-11-28,Male,83842 Ibarra Gardens,Nairobi,Nairobi,00100,True
2024-07-11 10:00:00,seed_generator,2024-07-26 10:00:00,seed_generator,CU000008,36633340,Mike,Moore,mike.moore.8@example.co.ke,+254732775593,1967-08-10,Male,808 Huynh Cove Apt. 411,Nakuru,Nakuru,20100,True
2025-09-12 10:00:00,seed_generator,2025-10-08 10:00:00,seed_generator,CU000009,35204013,Julia,Moore,julia.moore.9@example.co.ke,+254741523529,1987-11-06,Female,353 Wagner Glen Apt. 164,Eldoret,Uasin Gishu,30100,True
2025-11-21 10:00:00,seed_generator,2025-11-22 10:00:00,seed_generator,CU000010,18215552,Bradley,Cook,bradley.cook.10@example.co.ke,+254773771720,1966-07-14,Male,427 Hoffman Creek,Kisumu,Kisumu,40100,True
2023-12-12 10:00:00,seed_generator,2024-01-03 10:00:00,seed_generator,CU000011,22884179,Charles,Ware,charles.ware.11@example.co.ke,+254776354180,1995-11-08,Female,059 Russell Canyon,Nakuru,Nakuru,20100,True
2023-11-09 10:00:00,seed_generator,2023-12-06 10:00:00,seed_generator,CU000012,35838462,Kyle,Nolan,kyle.nolan.12@example.co.ke,+254724305904,1998-02-21,Female,3315 Dickson Summit,Nairobi,Nairobi,00100,True
2025-10-26 10:00:00,seed_generator,2025-11-12 10:00:00,seed_generator,CU000013,18361706,Eric,Spears,eric.spears.13@example.co.ke,+254726288475,2000-12-13,Female,60256 Joseph Turnpike,Meru,Meru,60200,True
2023-11-04 10:00:00,seed_generator,2023-12-02 10:00:00,seed_generator,CU000014,24850299,Jacqueline,Reyes,jacqueline.reyes.14@example.co.ke,+254792228802,2005-04-14,Male,3375 Hoover Well,Eldoret,Uasin Gishu,30100,True
2025-07-07 10:00:00,seed_generator,2025-07-30 10:00:00,seed_generator,CU000015,38906972,Jeremy,Johnson,jeremy.johnson.15@example.co.ke,+254773709724,2000-05-17,Male,5414 May Locks,Meru,Meru,60200,True
2023-10-24 10:00:00,seed_generator,2023-11-17 10:00:00,seed_generator,CU000016,27491919,Erin,Anthony,erin.anthony.16@example.co.ke,+254775041510,1981-06-18,Male,14294 Daniel Mews Suite 569,Thika,Kiambu,01000,True
2025-04-20 10:00:00,seed_generator,2025-04-28 10:00:00,seed_generator,CU000017,21269173,Tracey,Wilson,tracey.wilson.17@example.co.ke,+254752910691,2008-06-16,Female,0608 Michael Cliff,Thika,Kiambu,01000,True
2024-11-19 10:00:00,seed_generator,2024-12-11 10:00:00,seed_generator,CU000018,15127293,Stacy,Mccall,stacy.mccall.18@example.co.ke,+254738716269,1965-10-05,Male,148 Estrada Islands Suite 482,Nakuru,Nakuru,20100,True
2024-10-17 10:00:00,seed_generator,2024-10-18 10:00:00,seed_generator,CU000019,16940210,James,Ortega,james.ortega.19@example.co.ke,+254766390708,1994-12-10,Female,299 Sullivan Village Apt. 443,Meru,Meru,60200,True
2024-08-15 10:00:00,seed_generator,2024-08-15 10:00:00,seed_generator,CU000020,21803066,Russell,Carpenter,russell.carpenter.20@example.co.ke,+254750079111,1994-12-27,Male,7738 Leon Underpass Apt. 148,Machakos,Machakos,90100,True
2024-08-04 10:00:00,seed_generator,2024-08-11 10:00:00,seed_generator,CU000021,19158189,Elizabeth,Harvey,elizabeth.harvey.21@example.co.ke,+254768496914,2003-07-27,Female,43320 John Mountains,Nakuru,Nakuru,20100,True
2023-12-06 10:00:00,seed_generator,2023-12-11 10:00:00,seed_generator,CU000022,38202690,Cheryl,Mack,cheryl.mack.22@example.co.ke,+254772732043,1971-06-14,Female,9367 Sanchez Shoal Apt. 163,Machakos,Machakos,90100,True
2025-09-22 10:00:00,seed_generator,2025-10-12 10:00:00,seed_generator,CU000023,24381858,Gregory,Rubio,gregory.rubio.23@example.co.ke,+254728213276,2001-06-02,Female,83172 Contreras Points Suite 798,Nairobi,Nairobi,00100,True
2025-01-15 10:00:00,seed_generator,2025-01-21 10:00:00,seed_generator,CU000024,25257177,Ronald,Meadows,ronald.meadows.24@example.co.ke,+254753868501,1990-04-12,Male,77434 Sims Harbor Suite 143,Machakos,Machakos,90100,True
2025-04-02 10:00:00,seed_generator,2025-04-28 10:00:00,seed_generator,CU000025,12748317,Joseph,Flores,joseph.flores.25@example.co.ke,+254773123515,1961-09-27,Female,23623 Robert Isle,Machakos,Machakos,90100,True
2025-05-01 10:00:00,seed_generator,2025-05-21 10:00:00,seed_generator,CU000026,12302450,Amy,Perry,amy.perry.26@example.co.ke,+254797477029,1963-08-12,Female,6909 Woods Knoll,Eldoret,Uasin Gishu,30100,True
2023-08-10 10:00:00,seed_generator,2023-08-10 10:00:00,seed_generator,CU000027,30848565,Kenneth,Price,kenneth.price.27@example.co.ke,+254730452412,1981-05-26,Female,893 Robinson Mews Suite 065,Nakuru,Nakuru,20100,True
2024-05-18 10:00:00,seed_generator,2024-06-17 10:00:00,seed_generator,CU000028,17313676,Elizabeth,Yates,elizabeth.yates.28@example.co.ke,+254772415804,1982-12-27,Male,2980 Vargas Shore,Mombasa,Mombasa,80100,True
2023-10-12 10:00:00,seed_generator,2023-11-07 10:00:00,seed_generator,CU000029,15495068,Anthony,Day,anthony.day.29@example.co.ke,+254751746937,1969-09-12,Female,2046 Lewis Islands,Mombasa,Mombasa,80100,True
2024-11-05 10:00:00,seed_generator,2024-12-05 10:00:00,seed_generator,CU000030,33991912,Matthew,Hobbs,matthew.hobbs.30@example.co.ke,+254736619372,1966-10-26,Female,4170 Zoe Keys Apt. 100,Machakos,Machakos,90100,True
2023-07-30 10:00:00,seed_generator,2023-08-20 10:00:00,seed_generator,CU000031,30146470,Stefanie,Gonzalez,stefanie.gonzalez.31@example.co.ke,+254726247735,1963-09-07,Male,232 Caldwell Port,Thika,Kiambu,01000,True
2025-10-07 10:00:00,seed_generator,2025-10-23 10:00:00,seed_generator,CU000032,31727946,Stacie,Marshall,stacie.marshall.32@example.co.ke,+254755799273,1961-02-18,Male,2991 Tami Coves Apt. 496,Eldoret,Uasin Gishu,30100,True
2024-09-29 10:00:00,seed_generator,2024-10-29 10:00:00,seed_generator,CU000033,22153013,Randy,Espinoza,randy.espinoza.33@example.co.ke,+254795306788,2001-03-30,Female,314 Laura Port,Mombasa,Mombasa,80100,True
2024-03-26 10:00:00,seed_generator,2024-04-20 10:00:00,seed_generator,CU000034,28058086,Kimberly,Reed,kimberly.reed.34@example.co.ke,+254774893936,2001-09-14,Male,518 Smith Manor Suite 165,Thika,Kiambu,01000,True
2025-01-20 10:00:00,seed_generator,2025-02-16 10:00:00,seed_generator,CU000035,18237450,Cynthia,Poole,cynthia.poole.35@example.co.ke,+254721631697,1985-01-08,Male,2849 Marshall Views,Thika,Kiambu,01000,True
2024-05-12 10:00:00,seed_generator,2024-05-31 10:00:00,seed_generator,CU000036,32420684,Jessica,Adams,jessica.adams.36@example.co.ke,+254760867083,1990-03-07,Female,47379 Rogers Park,Meru,Meru,60200,True
2025-06-13 10:00:00,seed_generator,2025-06-28 10:00:00,seed_generator,CU000037,17117561,Melissa,White,melissa.white.37@example.co.ke,+254757623800,1983-03-06,Male,4549 Peters Path,Eldoret,Uasin Gishu,30100,True
2024-05-26 10:00:00,seed_generator,2024-05-26 10:00:00,seed_generator,CU000038,27335133,Stacy,Miller,stacy.miller.38@example.co.ke,+254735643159,1967-09-06,Female,8377 Mcguire Course Suite 363,Thika,Kiambu,01000,True
2024-05-27 10:00:00,seed_generator,2024-06-20 10:00:00,seed_generator,CU000039,18063933,Kevin,Perkins,kevin.perkins.39@example.co.ke,+254773900135,2004-01-13,Male,856 Bell Motorway Suite 443,Meru,Meru,60200,True
2025-02-18 10:00:00,seed_generator,2025-02-25 10:00:00,seed_generator,CU000040,23569450,David,Lee,david.lee.40@example.co.ke,+254742655866,1987-06-21,Male,823 Joanna Harbor,Mombasa,Mombasa,80100,True
2024-10-07 10:00:00,seed_generator,2024-10-30 10:00:00,seed_generator,CU000041,28467972,Jenny,Bray,jenny.bray.41@example.co.ke,+254754398056,1991-07-25,Male,34352 Smith Place Apt. 400,Eldoret,Uasin Gishu,30100,True
2025-04-24 10:00:00,seed_generator,2025-04-27 10:00:00,seed_generator,CU000042,34202286,Angela,Terry,angela.terry.42@example.co.ke,+254735848226,1988-04-22,Female,710 Harrison Mill,Thika,Kiambu,01000,True
2025-06-03 10:00:00,seed_generator,2025-06-09 10:00:00,seed_generator,CU000043,34783459,Matthew,Sheppard,matthew.sheppard.43@example.co.ke,+254774988034,1984-10-21,Male,1167 Barbara Spur Apt. 229,Kisumu,Kisumu,40100,True
2025-02-16 10:00:00,seed_generator,2025-02-23 10:00:00,seed_generator,CU000044,22109159,Stacy,Miller,stacy.miller.44@example.co.ke,+254734084236,1987-02-12,Female,86999 Kimberly Light,Nakuru,Nakuru,20100,True
2025-03-11 10:00:00,seed_generator,2025-03-12 10:00:00,seed_generator,CU000045,11829589,Shannon,Ramos,shannon.ramos.45@example.co.ke,+254784270583,1986-03-17,Female,9909 Stacey Fords Apt. 412,Kisumu,Kisumu,40100,True
2025-09-02 10:00:00,seed_generator,2025-09-29 10:00:00,seed_generator,CU000046,10411558,John,Arnold,john.arnold.46@example.co.ke,+254787049595,1985-07-05,Male,67974 Jesse Squares,Meru,Meru,60200,True
2025-06-11 10:00:00,seed_generator,2025-07-11 10:00:00,seed_generator,CU000047,11723916,Justin,Heath,justin.heath.47@example.co.ke,+254743887075,2002-11-10,Female,349 Ronald Plains,Eldoret,Uasin Gishu,30100,True
2024-07-31 10:00:00,seed_generator,2024-08-02 10:00:00,seed_generator,CU000048,29361617,Jeffrey,Hernandez,jeffrey.hernandez.48@example.co.ke,+254794482772,1964-10-22,Female,10249 Gonzales Mountain Suite 648,Machakos,Machakos,90100,True
2025-09-20 10:00:00,seed_generator,2025-09-27 10:00:00,seed_generator,CU000049,13974574,Amber,Kim,amber.kim.49@example.co.ke,+254784903294,1997-05-03,Female,5940 Jeremy Spring,Thika,Kiambu,01000,True
2024-09-11 10:00:00,seed_generator,2024-10-10 10:00:00,seed_generator,CU000050,24855251,Mary,Johnston,mary.johnston.50@example.co.ke,+254749910061,1998-06-21,Male,490 Thomas Run,Machakos,Machakos,90100,True
2024-04-01 10:00:00,seed_generator,2024-05-01 10:00:00,seed_generator,CU000051,34833276,Scott,Ramirez,scott.ramirez.51@example.co.ke,+254723318904,1978-08-22,Female,717 Ortiz Islands Apt. 256,Nairobi,Nairobi,00100,True
2025-07-09 10:00:00,seed_generator,2025-07-16 10:00:00,seed_generator,CU000052,15832214,Heather,Roberts,heather.roberts.52@example.co.ke,+254784087145,1966-09-25,Female,071 King Crescent Suite 808,Mombasa,Mombasa,80100,False
2024-01-11 10:00:00,seed_generator,2024-01-30 10:00:00,seed_generator,CU000053,25767646,Steven,Brown,steven.brown.53@example.co.ke,+254749092160,1962-12-05,Female,770 Joseph Curve Suite 771,Meru,Meru,60200,True
2023-12-28 10:00:00,seed_generator,2024-01-24 10:00:00,seed_generator,CU000054,25234763,Anthony,Mccoy,anthony.mccoy.54@example.co.ke,+254719553585,1980-12-09,Male,248 Andrea Course,Thika,Kiambu,01000,True
2024-10-07 10:00:00,seed_generator,2024-10-10 10:00:00,seed_generator,CU000055,28272481,Jeffrey,Skinner,jeffrey.skinner.55@example.co.ke,+254740173413,1973-05-14,Male,1274 Perry Orchard,Nakuru,Nakuru,20100,True
2025-10-16 10:00:00,seed_generator,2025-10-21 10:00:00,seed_generator,CU000056,36596201,Tina,Sanchez,tina.sanchez.56@example.co.ke,+254751286958,1985-11-22,Male,3982 Joshua Turnpike,Mombasa,Mombasa,80100,True
2023-12-31 10:00:00,seed_generator,2024-01-12 10:00:00,seed_generator,CU000057,19135066,Melissa,Morgan,melissa.morgan.57@example.co.ke,+254777172238,2008-06-11,Male,44997 Sean Orchard Suite 588,Thika,Kiambu,01000,True
2024-09-30 10:00:00,seed_generator,2024-10-23 10:00:00,seed_generator,CU000058,20815317,Nicholas,Cantu,nicholas.cantu.58@example.co.ke,+254791029073,1982-06-18,Female,396 Melissa Loop,Nairobi,Nairobi,00100,True
2023-10-25 10:00:00,seed_generator,2023-11-15 10:00:00,seed_generator,CU000059,37562323,Bradley,Garner,bradley.garner.59@example.co.ke,+254746173157,1963-08-11,Female,2702 Kane Well Suite 187,Nairobi,Nairobi,00100,True
2025-03-07 10:00:00,seed_generator,2025-03-12 10:00:00,seed_generator,CU000060,29640403,Alexis,Thomas,alexis.thomas.60@example.co.ke,+254768503492,2004-02-11,Female,74596 Melissa Walk,Meru,Meru,60200,True
2025-01-09 10:00:00,seed_generator,2025-01-19 10:00:00,seed_generator,CU000061,32485949,Emily,Ferguson,emily.ferguson.61@example.co.ke,+254724039158,1974-06-05,Male,780 Jimmy Spur Suite 316,Machakos,Machakos,90100,True
2025-02-24 10:00:00,seed_generator,2025-03-17 10:00:00,seed_generator,CU000062,23436947,Tiffany,Hodges,tiffany.hodges.62@example.co.ke,+254783832717,1963-04-17,Male,2400 Flynn Hill,Meru,Meru,60200,True
2025-01-19 10:00:00,seed_generator,2025-01-22 10:00:00,seed_generator,CU000063,35922406,Michael,Jordan,michael.jordan.63@example.co.ke,+254764247457,2006-03-02,Female,692 Gregory Ridge,Thika,Kiambu,01000,True
2024-10-19 10:00:00,seed_generator,2024-10-20 10:00:00,seed_generator,CU000064,16294225,Monica,Harvey,monica.harvey.64@example.co.ke,+254779583757,1992-06-15,Male,9237 Stevens Shores,Meru,Meru,60200,True
2025-05-22 10:00:00,seed_generator,2025-05-30 10:00:00,seed_generator,CU000065,28428753,Albert,Ballard,albert.ballard.65@example.co.ke,+254727584297,1985-11-03,Male,821 Landry Radial Suite 647,Nairobi,Nairobi,00100,True
2025-08-14 10:00:00,seed_generator,2025-08-14 10:00:00,seed_generator,CU000066,31140039,Megan,Gonzalez,megan.gonzalez.66@example.co.ke,+254791721371,1981-06-20,Female,1369 Andrews Squares Suite 064,Meru,Meru,60200,True
2024-05-30 10:00:00,seed_generator,2024-06-12 10:00:00,seed_generator,CU000067,13127581,Alan,Grimes,alan.grimes.67@example.co.ke,+254740158811,1970-03-06,Male,743 Robinson Field,Nairobi,Nairobi,00100,True
2024-07-24 10:00:00,seed_generator,2024-08-22 10:00:00,seed_generator,CU000068,34045217,Christine,Byrd,christine.byrd.68@example.co.ke,+254749172995,2005-08-26,Male,104 Johnson Lakes,Kisumu,Kisumu,40100,True
2024-08-20 10:00:00,seed_generator,2024-08-27 10:00:00,seed_generator,CU000069,25327210,Jessica,Davis,jessica.davis.69@example.co.ke,+254783989546,1972-12-22,Male,6232 Schmidt Groves Apt. 474,Meru,Meru,60200,True
2025-10-06 10:00:00,seed_generator,2025-10-14 10:00:00,seed_generator,CU000070,35926675,Julie,Morgan,julie.morgan.70@example.co.ke,+254765692629,1990-06-29,Male,1236 Davis Locks,Kisumu,Kisumu,40100,True
2023-12-04 10:00:00,seed_generator,2023-12-13 10:00:00,seed_generator,CU000071,38101028,Alexander,Herrera,alexander.herrera.71@example.co.ke,+254788777447,2003-12-05,Female,4965 Emily Mountains Apt. 985,Thika,Kiambu,01000,True
2024-12-28 10:00:00,seed_generator,2025-01-07 10:00:00,seed_generator,CU000072,28519275,Rose,Walker,rose.walker.72@example.co.ke,+254782937948,1993-11-03,Male,746 Donald Camp,Meru,Meru,60200,True
2024-01-02 10:00:00,seed_generator,2024-01-09 10:00:00,seed_generator,CU000073,29186345,Kevin,Vasquez,kevin.vasquez.73@example.co.ke,+254761401477,1980-12-14,Male,82675 Matthews Stream,Nakuru,Nakuru,20100,True
2023-12-25 10:00:00,seed_generator,2024-01-23 10:00:00,seed_generator,CU000074,37226364,Eric,Perry,eric.perry.74@example.co.ke,+254761167978,1994-08-21,Female,9640 Robinson Mills,Meru,Meru,60200,True
2025-08-09 10:00:00,seed_generator,2025-08-25 10:00:00,seed_generator,CU000075,29803169,Stephanie,Foley,stephanie.foley.75@example.co.ke,+254754559574,1969-01-01,Male,585 Raymond Field,Nairobi,Nairobi,00100,True
2025-12-01 10:00:00,seed_generator,2025-12-24 10:00:00,seed_generator,CU000076,14837053,Tammy,Rush,tammy.rush.76@example.co.ke,+254765026398,1973-11-06,Female,39005 Vanessa Turnpike Apt. 183,Meru,Meru,60200,True
2025-01-04 10:00:00,seed_generator,2025-01-23 10:00:00,seed_generator,CU000077,33243309,Brenda,Li,brenda.li.77@example.co.ke,+254763349308,1967-03-16,Male,2904 Vanessa Plains,Thika,Kiambu,01000,True
2025-01-26 10:00:00,seed_generator,2025-02-15 10:00:00,seed_generator,CU000078,34116154,John,Thompson,john.thompson.78@example.co.ke,+254775491202,2008-07-15,Female,05395 Grant Center,Machakos,Machakos,90100,True
2024-03-10 10:00:00,seed_generator,2024-03-31 10:00:00,seed_generator,CU000079,19642839,David,Fisher,david.fisher.79@example.co.ke,+254740532691,1968-02-09,Male,177 Palmer Coves,Nakuru,Nakuru,20100,True
2024-09-18 10:00:00,seed_generator,2024-09-23 10:00:00,seed_generator,CU000080,33286814,Shannon,Walker,shannon.walker.80@example.co.ke,+254750193656,1962-08-06,Female,847 Bruce Neck,Mombasa,Mombasa,80100,True
2025-02-19 10:00:00,seed_generator,2025-03-02 10:00:00,seed_generator,CU000081,22577579,Melanie,Simmons,melanie.simmons.81@example.co.ke,+254767805802,1973-01-22,Female,7115 Cameron Harbor,Nairobi,Nairobi,00100,True
2025-06-25 10:00:00,seed_generator,2025-06-30 10:00:00,seed_generator,CU000082,12649738,Claudia,Richards,claudia.richards.82@example.co.ke,+254791804602,1994-04-27,Female,9847 Garcia Squares Apt. 836,Kisumu,Kisumu,40100,True
2025-04-23 10:00:00,seed_generator,2025-05-07 10:00:00,seed_generator,CU000083,31404527,Shannon,Perez,shannon.perez.83@example.co.ke,+254744088261,2001-03-25,Male,6615 Edwards Glens Suite 271,Kisumu,Kisumu,40100,True
2025-02-25 10:00:00,seed_generator,2025-03-18 10:00:00,seed_generator,CU000084,28340790,Christopher,Miller,christopher.miller.84@example.co.ke,+254731203129,1966-08-17,Male,52809 Santiago Loop Suite 604,Meru,Meru,60200,True
2024-03-02 10:00:00,seed_generator,2024-04-01 10:00:00,seed_generator,CU000085,24237445,Caroline,Bell,caroline.bell.85@example.co.ke,+254743567615,2000-12-25,Male,73158 Wilson Harbors,Thika,Kiambu,01000,True
2024-08-09 10:00:00,seed_generator,2024-08-12 10:00:00,seed_generator,CU000086,17959302,Audrey,Aguirre,audrey.aguirre.86@example.co.ke,+254761185849,1992-03-15,Male,402 Park Inlet,Machakos,Machakos,90100,True
2025-11-24 10:00:00,seed_generator,2025-12-20 10:00:00,seed_generator,CU000087,32086527,Sandra,Bell,sandra.bell.87@example.co.ke,+254763124147,1984-08-16,Female,96120 Julie Forge,Thika,Kiambu,01000,True
2024-04-05 10:00:00,seed_generator,2024-04-28 10:00:00,seed_generator,CU000088,26667401,Nicholas,Chavez,nicholas.chavez.88@example.co.ke,+254748412328,1980-08-23,Male,4599 Nicole Drives,Nairobi,Nairobi,00100,True
2024-03-21 10:00:00,seed_generator,2024-03-29 10:00:00,seed_generator,CU000089,32742001,Eric,Williamson,eric.williamson.89@example.co.ke,+254798473848,1972-04-08,Female,7679 Perry Forge,Nakuru,Nakuru,20100,True
2025-02-03 10:00:00,seed_generator,2025-02-28 10:00:00,seed_generator,CU000090,24791571,Kari,Wilson,kari.wilson.90@example.co.ke,+254714478111,1992-09-24,Female,49784 Jeffrey Rapid Apt. 034,Nairobi,Nairobi,00100,True
2025-01-16 10:00:00,seed_generator,2025-02-08 10:00:00,seed_generator,CU000091,23941970,Sierra,Saunders,sierra.saunders.91@example.co.ke,+254733574011,1978-01-05,Female,5107 Thompson Light Apt. 885,Thika,Kiambu,01000,True
2024-06-21 10:00:00,seed_generator,2024-07-07 10:00:00,seed_generator,CU000092,19144500,Charles,Hensley,charles.hensley.92@example.co.ke,+254732084778,1983-01-20,Male,0715 Berry Station,Eldoret,Uasin Gishu,30100,True
2023-11-13 10:00:00,seed_generator,2023-12-10 10:00:00,seed_generator,CU000093,21365397,Danielle,Roberts,danielle.roberts.93@example.co.ke,+254725457816,2002-01-06,Female,52975 Samuel Coves Apt. 696,Thika,Kiambu,01000,True
2024-01-24 10:00:00,seed_generator,2024-02-16 10:00:00,seed_generator,CU000094,32629317,Alexandria,Foster,alexandria.foster.94@example.co.ke,+254763339667,1992-10-24,Female,535 Charles Roads Apt. 883,Nakuru,Nakuru,20100,True
2025-03-21 10:00:00,seed_generator,2025-04-07 10:00:00,seed_generator,CU000095,14146949,Rebecca,Bailey,rebecca.bailey.95@example.co.ke,+254771040347,1993-01-24,Male,12432 Kathleen Shoal,Nairobi,Nairobi,00100,True
2025-08-28 10:00:00,seed_generator,2025-09-18 10:00:00,seed_generator,CU000096,17845761,Charles,Bean,charles.bean.96@example.co.ke,+254773280554,1962-03-31,Male,9979 Lin Road Suite 271,Eldoret,Uasin Gishu,30100,True
2024-02-22 10:00:00,seed_generator,2024-02-24 10:00:00,seed_generator,CU000097,31320617,Taylor,Welch,taylor.welch.97@example.co.ke,+254772312933,1987-02-10,Male,058 Lance Mission Apt. 054,Nakuru,Nakuru,20100,True
2025-11-08 10:00:00,seed_generator,2025-11-17 10:00:00,seed_generator,CU000098,26529739,Chase,Lin,chase.lin.98@example.co.ke,+254725585427,1968-09-19,Female,986 Carpenter Turnpike,Nairobi,Nairobi,00100,True
2024-11-14 10:00:00,seed_generator,2024-11-28 10:00:00,seed_generator,CU000099,22449080,Joanne,Williams,joanne.williams.99@example.co.ke,+254799991136,2008-06-18,Male,9782 Shannon Valleys,Kisumu,Kisumu,40100,True
2024-10-18 10:00:00,seed_generator,2024-11-07 10:00:00,seed_generator,CU000100,13322614,Rachel,Cooper,rachel.cooper.100@example.co.ke,+254775679047,1996-08-12,Male,203 Ritter Pine,Kisumu,Kisumu,40100,False
2025-05-08 10:00:00,seed_generator,2025-05-22 10:00:00,seed_generator,CU000101,24921516,Alexandra,Moore,alexandra.moore.101@example.co.ke,+254741690501,1992-07-15,Female,6659 Kristina Rue Suite 151,Eldoret,Uasin Gishu,30100,True
2024-06-07 10:00:00,seed_generator,2024-07-05 10:00:00,seed_generator,CU000102,31636797,Angela,Hughes,angela.hughes.102@example.co.ke,+254758140388,1965-06-07,Male,925 Brandi Divide Suite 462,Eldoret,Uasin Gishu,30100,True
2023-08-01 10:00:00,seed_generator,2023-08-27 10:00:00,seed_generator,CU000103,25257783,Brooke,Hurley,brooke.hurley.103@example.co.ke,+254722304198,1979-01-11,Female,652 Debbie Manors Suite 054,Mombasa,Mombasa,80100,True
2025-04-11 10:00:00,seed_generator,2025-04-15 10:00:00,seed_generator,CU000104,36406603,Henry,Lewis,henry.lewis.104@example.co.ke,+254785776373,1978-05-30,Female,32214 William Plains Apt. 592,Eldoret,Uasin Gishu,30100,True
2024-04-25 10:00:00,seed_generator,2024-05-01 10:00:00,seed_generator,CU000105,37281530,Carla,Moore,carla.moore.105@example.co.ke,+254741272553,1989-06-23,Female,927 Robert Springs,Nakuru,Nakuru,20100,True
2025-03-08 10:00:00,seed_generator,2025-04-04 10:00:00,seed_generator,CU000106,14854922,Jennifer,Montes,jennifer.montes.106@example.co.ke,+254727447248,2008-06-18,Male,738 Kyle Valleys Suite 359,Nairobi,Nairobi,00100,True
2024-02-09 10:00:00,seed_generator,2024-03-07 10:00:00,seed_generator,CU000107,10865038,Tracey,Murray,tracey.murray.107@example.co.ke,+254727690330,1961-05-01,Male,8862 Laurie Dam Suite 075,Mombasa,Mombasa,80100,True
2024-04-23 10:00:00,seed_generator,2024-05-03 10:00:00,seed_generator,CU000108,10529525,Angela,Garcia,angela.garcia.108@example.co.ke,+254733386929,1983-10-22,Female,1247 Mariah Course,Nakuru,Nakuru,20100,True
2024-06-26 10:00:00,seed_generator,2024-06-29 10:00:00,seed_generator,CU000109,35020374,Stacey,Walker,stacey.walker.109@example.co.ke,+254718530615,2002-09-22,Male,0606 Young Common Suite 305,Machakos,Machakos,90100,True
2024-09-10 10:00:00,seed_generator,2024-09-26 10:00:00,seed_generator,CU000110,17433976,Sarah,Combs,sarah.combs.110@example.co.ke,+254792558242,1963-11-21,Male,20472 West Avenue Apt. 043,Mombasa,Mombasa,80100,True
2025-10-15 10:00:00,seed_generator,2025-10-30 10:00:00,seed_generator,CU000111,38430621,Mary,Dunn,mary.dunn.111@example.co.ke,+254763904155,1998-03-30,Female,43410 Robert Underpass Suite 117,Nairobi,Nairobi,00100,True
2025-10-02 10:00:00,seed_generator,2025-10-30 10:00:00,seed_generator,CU000112,12710878,Candice,Smith,candice.smith.112@example.co.ke,+254753233116,1973-04-22,Female,246 Christina Garden,Meru,Meru,60200,True
2024-11-21 10:00:00,seed_generator,2024-12-10 10:00:00,seed_generator,CU000113,27802533,Ashley,Lopez,ashley.lopez.113@example.co.ke,+254749580505,2000-09-14,Male,518 Peter Mountains,Eldoret,Uasin Gishu,30100,True
2024-02-15 10:00:00,seed_generator,2024-03-06 10:00:00,seed_generator,CU000114,39450933,Bradley,Hughes,bradley.hughes.114@example.co.ke,+254783998961,1979-04-16,Male,0515 Jessica Road Apt. 952,Mombasa,Mombasa,80100,True
2024-10-19 10:00:00,seed_generator,2024-10-29 10:00:00,seed_generator,CU000115,37763582,Bradley,Payne,bradley.payne.115@example.co.ke,+254770867592,1995-10-09,Male,772 Bryan Trail,Nakuru,Nakuru,20100,True
2024-10-05 10:00:00,seed_generator,2024-10-15 10:00:00,seed_generator,CU000116,32317316,Sherry,Johnson,sherry.johnson.116@example.co.ke,+254744210729,1993-07-31,Female,30548 Hays Plains,Eldoret,Uasin Gishu,30100,True
2025-10-09 10:00:00,seed_generator,2025-10-11 10:00:00,seed_generator,CU000117,37909633,Thomas,Johnson,thomas.johnson.117@example.co.ke,+254721457410,1968-05-12,Male,5054 Lauren Mews,Meru,Meru,60200,True
2023-09-07 10:00:00,seed_generator,2023-09-11 10:00:00,seed_generator,CU000118,28668704,Pamela,Paul,pamela.paul.118@example.co.ke,+254718050510,1989-07-28,Female,2775 Owen Stream Suite 169,Eldoret,Uasin Gishu,30100,True
2023-12-09 10:00:00,seed_generator,2023-12-10 10:00:00,seed_generator,CU000119,19651241,Wanda,White,wanda.white.119@example.co.ke,+254790585678,1988-01-12,Male,1154 Griffin Stravenue Suite 275,Machakos,Machakos,90100,True
2025-07-11 10:00:00,seed_generator,2025-08-01 10:00:00,seed_generator,CU000120,26179591,Sergio,Acosta,sergio.acosta.120@example.co.ke,+254740097636,1969-09-16,Male,640 Emily Lodge Suite 820,Nakuru,Nakuru,20100,True
2025-08-21 10:00:00,seed_generator,2025-09-14 10:00:00,seed_generator,CU000121,19347198,Douglas,Lawson,douglas.lawson.121@example.co.ke,+254787054398,1980-04-15,Male,21355 Herring Bypass Apt. 755,Eldoret,Uasin Gishu,30100,True
2024-04-02 10:00:00,seed_generator,2024-05-01 10:00:00,seed_generator,CU000122,32073153,Scott,Jones,scott.jones.122@example.co.ke,+254745896226,1962-08-06,Female,565 Wright Crescent,Nairobi,Nairobi,00100,True
2025-01-03 10:00:00,seed_generator,2025-01-14 10:00:00,seed_generator,CU000123,10204876,Anthony,Lopez,anthony.lopez.123@example.co.ke,+254734347841,1972-11-07,Male,144 Lewis Ridge Suite 731,Thika,Kiambu,01000,True
2025-09-14 10:00:00,seed_generator,2025-10-07 10:00:00,seed_generator,CU000124,27800045,Derek,Jones,derek.jones.124@example.co.ke,+254738874646,1993-10-01,Male,715 Mckinney Plaza,Nairobi,Nairobi,00100,True
2024-12-03 10:00:00,seed_generator,2024-12-12 10:00:00,seed_generator,CU000125,34212742,Amber,Vance,amber.vance.125@example.co.ke,+254753537934,1967-08-15,Female,258 David Flats,Kisumu,Kisumu,40100,True
2024-01-26 10:00:00,seed_generator,2024-01-28 10:00:00,seed_generator,CU000126,19130256,Laura,Young,laura.young.126@example.co.ke,+254769473616,1998-01-15,Male,58957 Cheryl Corners Apt. 467,Nairobi,Nairobi,00100,True
2025-03-12 10:00:00,seed_generator,2025-03-18 10:00:00,seed_generator,CU000127,35331688,Alicia,Hammond,alicia.hammond.127@example.co.ke,+254778765957,1970-03-18,Male,51778 Anderson Village,Machakos,Machakos,90100,True
2024-01-22 10:00:00,seed_generator,2024-02-12 10:00:00,seed_generator,CU000128,29902282,Kimberly,Bowman,kimberly.bowman.128@example.co.ke,+254775314742,2007-04-10,Male,68018 Kevin Estates,Thika,Kiambu,01000,True
2024-04-12 10:00:00,seed_generator,2024-04-13 10:00:00,seed_generator,CU000129,10257935,Marcus,Fletcher,marcus.fletcher.129@example.co.ke,+254737437207,1987-01-15,Female,414 Cynthia Plaza Suite 249,Machakos,Machakos,90100,True
2025-02-23 10:00:00,seed_generator,2025-03-05 10:00:00,seed_generator,CU000130,14026006,Amanda,Shaw,amanda.shaw.130@example.co.ke,+254711037490,2004-08-15,Male,922 Kirby Port,Thika,Kiambu,01000,True
2024-06-19 10:00:00,seed_generator,2024-07-11 10:00:00,seed_generator,CU000131,17721234,Blake,Shields,blake.shields.131@example.co.ke,+254777144075,1991-10-10,Female,94396 Tyler Road,Machakos,Machakos,90100,True
2024-09-26 10:00:00,seed_generator,2024-09-26 10:00:00,seed_generator,CU000132,25426792,Amy,May,amy.may.132@example.co.ke,+254720450542,1988-02-01,Male,3647 Haley Estate Suite 677,Nairobi,Nairobi,00100,True
2025-02-23 10:00:00,seed_generator,2025-02-26 10:00:00,seed_generator,CU000133,23590629,James,Lawson,james.lawson.133@example.co.ke,+254712799319,1989-02-19,Female,556 Kathleen Passage Apt. 537,Machakos,Machakos,90100,True
2023-08-18 10:00:00,seed_generator,2023-09-09 10:00:00,seed_generator,CU000134,22141761,David,Cole,david.cole.134@example.co.ke,+254721828592,1999-03-07,Female,04696 Sydney Estate,Meru,Meru,60200,True
2024-06-28 10:00:00,seed_generator,2024-06-30 10:00:00,seed_generator,CU000135,23279726,Lisa,Peck,lisa.peck.135@example.co.ke,+254751644346,1990-06-17,Female,27877 Jimenez Course Suite 873,Machakos,Machakos,90100,True
2025-09-29 10:00:00,seed_generator,2025-10-15 10:00:00,seed_generator,CU000136,31247494,Jason,Gomez,jason.gomez.136@example.co.ke,+254725304396,2007-08-08,Female,7974 Melanie Meadows,Kisumu,Kisumu,40100,True
2024-12-22 10:00:00,seed_generator,2025-01-14 10:00:00,seed_generator,CU000137,37479355,Dennis,Baker,dennis.baker.137@example.co.ke,+254796629889,1973-04-01,Female,5060 Michael Heights Apt. 687,Eldoret,Uasin Gishu,30100,True
2025-05-28 10:00:00,seed_generator,2025-06-02 10:00:00,seed_generator,CU000138,30213155,Kathy,Ramirez,kathy.ramirez.138@example.co.ke,+254730517835,1966-10-05,Female,16558 Fischer Flat,Thika,Kiambu,01000,True
2024-08-28 10:00:00,seed_generator,2024-09-21 10:00:00,seed_generator,CU000139,28915823,Carrie,Morales,carrie.morales.139@example.co.ke,+254787774890,2000-04-09,Male,02578 Hernandez Passage,Meru,Meru,60200,True
2025-07-15 10:00:00,seed_generator,2025-07-29 10:00:00,seed_generator,CU000140,12291306,Donald,Velazquez,donald.velazquez.140@example.co.ke,+254772937522,1999-09-03,Male,69495 Erickson Hills Suite 055,Eldoret,Uasin Gishu,30100,True
2024-12-21 10:00:00,seed_generator,2025-01-06 10:00:00,seed_generator,CU000141,12489425,Emily,Whitney,emily.whitney.141@example.co.ke,+254751662236,2001-06-04,Male,097 Coffey Tunnel Apt. 097,Nairobi,Nairobi,00100,False
2023-08-18 10:00:00,seed_generator,2023-08-27 10:00:00,seed_generator,CU000142,12574665,George,Fuller,george.fuller.142@example.co.ke,+254796525668,1968-02-06,Male,30913 Scott Manor Apt. 636,Eldoret,Uasin Gishu,30100,True
2024-09-12 10:00:00,seed_generator,2024-10-11 10:00:00,seed_generator,CU000143,37172913,Warren,Carr,warren.carr.143@example.co.ke,+254786726461,1976-11-20,Male,028 Ann Shore Suite 865,Nairobi,Nairobi,00100,True
2025-10-14 10:00:00,seed_generator,2025-10-28 10:00:00,seed_generator,CU000144,13472946,Sue,Stevens,sue.stevens.144@example.co.ke,+254756095437,1967-07-26,Female,549 Lee Gateway Suite 843,Kisumu,Kisumu,40100,False
2024-09-23 10:00:00,seed_generator,2024-10-09 10:00:00,seed_generator,CU000145,27540513,Shelly,Hendrix,shelly.hendrix.145@example.co.ke,+254791846696,1974-03-29,Male,375 Bailey Underpass Suite 419,Meru,Meru,60200,True
2024-11-15 10:00:00,seed_generator,2024-11-28 10:00:00,seed_generator,CU000146,35986726,Erica,James,erica.james.146@example.co.ke,+254755414869,1964-09-11,Male,2404 Michael Mills Suite 733,Thika,Kiambu,01000,True
2024-05-24 10:00:00,seed_generator,2024-06-14 10:00:00,seed_generator,CU000147,22970942,Maria,Nelson,maria.nelson.147@example.co.ke,+254748137561,1982-08-10,Female,19933 Elizabeth Pines Apt. 301,Mombasa,Mombasa,80100,True
2024-12-23 10:00:00,seed_generator,2025-01-01 10:00:00,seed_generator,CU000148,32013543,Robert,Love,robert.love.148@example.co.ke,+254798870276,1995-03-01,Female,208 Richard Wells,Kisumu,Kisumu,40100,True
2025-02-02 10:00:00,seed_generator,2025-02-19 10:00:00,seed_generator,CU000149,22639260,Thomas,Santos,thomas.santos.149@example.co.ke,+254796368203,1989-06-20,Female,4019 Amanda Stream Apt. 262,Mombasa,Mombasa,80100,True
2024-02-24 10:00:00,seed_generator,2024-03-16 10:00:00,seed_generator,CU000150,24207160,Sarah,Johnson,sarah.johnson.150@example.co.ke,+254778248169,1992-06-17,Female,2400 Bradley Coves Suite 478,Mombasa,Mombasa,80100,True
2025-05-11 10:00:00,seed_generator,2025-05-21 10:00:00,seed_generator,CU000151,35707936,Alice,Small,alice.small.151@example.co.ke,+254775266178,1977-03-23,Female,743 Mark Street,Kisumu,Kisumu,40100,True
2025-09-28 10:00:00,seed_generator,2025-10-07 10:00:00,seed_generator,CU000152,38334314,Stephen,Scott,stephen.scott.152@example.co.ke,+254723574883,2005-07-18,Female,54932 Wilcox Passage,Kisumu,Kisumu,40100,True
2024-04-14 10:00:00,seed_generator,2024-04-26 10:00:00,seed_generator,CU000153,15175863,Mark,Morales,mark.morales.153@example.co.ke,+254731776452,1976-03-22,Female,27530 Reyes Mission,Kisumu,Kisumu,40100,True
2024-10-22 10:00:00,seed_generator,2024-11-02 10:00:00,seed_generator,CU000154,32694973,Karen,Finley,karen.finley.154@example.co.ke,+254741880763,1999-11-07,Male,904 Schwartz Circle Apt. 742,Nairobi,Nairobi,00100,True
2025-04-21 10:00:00,seed_generator,2025-05-08 10:00:00,seed_generator,CU000155,18025163,Richard,Shaw,richard.shaw.155@example.co.ke,+254751536077,2002-01-28,Female,145 Jeffrey Dale Suite 279,Meru,Meru,60200,True
2024-08-31 10:00:00,seed_generator,2024-09-24 10:00:00,seed_generator,CU000156,19454690,Nathaniel,Miles,nathaniel.miles.156@example.co.ke,+254761254050,2005-02-12,Male,339 Alicia Pines Suite 191,Meru,Meru,60200,True
2023-09-18 10:00:00,seed_generator,2023-10-07 10:00:00,seed_generator,CU000157,14643884,Bryan,Kelley,bryan.kelley.157@example.co.ke,+254743554863,1964-09-05,Male,822 Bond Mills,Nakuru,Nakuru,20100,True
2023-12-19 10:00:00,seed_generator,2024-01-15 10:00:00,seed_generator,CU000158,27311046,Darren,Harris,darren.harris.158@example.co.ke,+254726733967,1985-07-28,Female,87072 Bryant Centers Suite 406,Mombasa,Mombasa,80100,True
2024-09-12 10:00:00,seed_generator,2024-10-10 10:00:00,seed_generator,CU000159,27225259,Jonathan,Smith,jonathan.smith.159@example.co.ke,+254729776801,1999-04-01,Female,106 Graves Plains,Thika,Kiambu,01000,True
2023-09-02 10:00:00,seed_generator,2023-09-16 10:00:00,seed_generator,CU000160,39683249,Virginia,Michael,virginia.michael.160@example.co.ke,+254756920514,1962-05-23,Male,0462 Katie Stream,Nakuru,Nakuru,20100,True
2025-04-19 10:00:00,seed_generator,2025-05-01 10:00:00,seed_generator,CU000161,12738224,Debbie,Fisher,debbie.fisher.161@example.co.ke,+254760319927,1980-02-22,Female,6618 Desiree Keys Apt. 286,Eldoret,Uasin Gishu,30100,True
2023-08-10 10:00:00,seed_generator,2023-09-01 10:00:00,seed_generator,CU000162,31809061,Allison,Luna,allison.luna.162@example.co.ke,+254755001909,1973-02-06,Female,04786 Morrow Gateway,Mombasa,Mombasa,80100,False
2024-01-04 10:00:00,seed_generator,2024-01-30 10:00:00,seed_generator,CU000163,14657109,Steven,Moore,steven.moore.163@example.co.ke,+254772962895,2000-03-30,Female,106 John Cliff,Meru,Meru,60200,True
2025-03-29 10:00:00,seed_generator,2025-04-04 10:00:00,seed_generator,CU000164,38016712,Craig,Johnson,craig.johnson.164@example.co.ke,+254730068183,2009-03-27,Male,06738 Karen Trail,Nairobi,Nairobi,00100,True
2025-04-17 10:00:00,seed_generator,2025-04-26 10:00:00,seed_generator,CU000165,14088552,Brian,Gordon,brian.gordon.165@example.co.ke,+254716408822,1981-05-23,Male,95995 Kevin Divide Apt. 644,Thika,Kiambu,01000,True
2025-10-13 10:00:00,seed_generator,2025-10-16 10:00:00,seed_generator,CU000166,38074581,Bruce,Fry,bruce.fry.166@example.co.ke,+254777085942,2008-02-03,Female,687 Teresa Row,Meru,Meru,60200,True
2023-12-12 10:00:00,seed_generator,2023-12-16 10:00:00,seed_generator,CU000167,19773466,Emily,Floyd,emily.floyd.167@example.co.ke,+254767611469,1960-02-21,Male,662 Bennett Throughway Suite 334,Nakuru,Nakuru,20100,True
2025-06-08 10:00:00,seed_generator,2025-06-29 10:00:00,seed_generator,CU000168,32421571,Meredith,Thomas,meredith.thomas.168@example.co.ke,+254721490910,2006-12-18,Male,86688 Paul Glens Apt. 517,Machakos,Machakos,90100,True
2024-11-12 10:00:00,seed_generator,2024-12-09 10:00:00,seed_generator,CU000169,25775115,Melanie,Davis,melanie.davis.169@example.co.ke,+254715843091,1994-09-16,Male,46990 Jacob Trace,Nairobi,Nairobi,00100,True
2024-12-16 10:00:00,seed_generator,2025-01-10 10:00:00,seed_generator,CU000170,12266922,Briana,Powers,briana.powers.170@example.co.ke,+254756278607,1981-08-19,Female,3540 Sharon Streets,Nairobi,Nairobi,00100,True
2025-08-02 10:00:00,seed_generator,2025-08-03 10:00:00,seed_generator,CU000171,21821194,David,Key,david.key.171@example.co.ke,+254783284724,1990-05-16,Female,93638 Rowe Light Suite 854,Eldoret,Uasin Gishu,30100,True
2024-01-04 10:00:00,seed_generator,2024-01-19 10:00:00,seed_generator,CU000172,31197537,Jose,Hunt,jose.hunt.172@example.co.ke,+254734464938,1972-02-05,Female,1753 Edwards Cape Apt. 204,Meru,Meru,60200,True
2025-11-09 10:00:00,seed_generator,2025-11-18 10:00:00,seed_generator,CU000173,16764271,Angela,Silva,angela.silva.173@example.co.ke,+254715879578,1977-11-23,Female,2353 Hudson Gardens Suite 854,Meru,Meru,60200,True
2024-07-07 10:00:00,seed_generator,2024-07-19 10:00:00,seed_generator,CU000174,37360487,Kathryn,Burns,kathryn.burns.174@example.co.ke,+254782884346,2002-06-21,Male,2522 White Plains Apt. 801,Thika,Kiambu,01000,False
2025-02-27 10:00:00,seed_generator,2025-03-10 10:00:00,seed_generator,CU000175,38928568,Sierra,Barnett,sierra.barnett.175@example.co.ke,+254716416148,1989-10-11,Male,2312 Jeffery Motorway,Nakuru,Nakuru,20100,True
2024-09-25 10:00:00,seed_generator,2024-10-23 10:00:00,seed_generator,CU000176,23422503,Nathaniel,Williamson,nathaniel.williamson.176@example.co.ke,+254769020451,1994-09-08,Male,700 Smith Pines Suite 840,Eldoret,Uasin Gishu,30100,True
2024-01-08 10:00:00,seed_generator,2024-01-23 10:00:00,seed_generator,CU000177,22326117,Wayne,Wolfe,wayne.wolfe.177@example.co.ke,+254779696025,1983-12-05,Female,11823 Christine Glen Suite 461,Meru,Meru,60200,True
2024-10-02 10:00:00,seed_generator,2024-10-21 10:00:00,seed_generator,CU000178,37593194,Nathan,Sullivan,nathan.sullivan.178@example.co.ke,+254734220459,2008-12-08,Male,341 Clayton Light,Mombasa,Mombasa,80100,True
2025-01-15 10:00:00,seed_generator,2025-02-05 10:00:00,seed_generator,CU000179,19920030,Nicholas,Alvarez,nicholas.alvarez.179@example.co.ke,+254751137177,2000-01-02,Male,217 Newman Isle,Mombasa,Mombasa,80100,True
2024-12-22 10:00:00,seed_generator,2025-01-05 10:00:00,seed_generator,CU000180,11421203,Ariel,Hodge,ariel.hodge.180@example.co.ke,+254757319709,1999-01-08,Male,033 Nelson Club,Meru,Meru,60200,True
2025-10-01 10:00:00,seed_generator,2025-10-22 10:00:00,seed_generator,CU000181,31391371,Gabrielle,Ramirez,gabrielle.ramirez.181@example.co.ke,+254764520614,1992-08-04,Female,50392 Hickman Hills,Nairobi,Nairobi,00100,True
2023-07-31 10:00:00,seed_generator,2023-08-19 10:00:00,seed_generator,CU000182,32752886,Francisco,Allen,francisco.allen.182@example.co.ke,+254768810561,1963-02-14,Female,856 Krystal Spurs Apt. 850,Kisumu,Kisumu,40100,True
2024-12-11 10:00:00,seed_generator,2024-12-23 10:00:00,seed_generator,CU000183,29033571,Connor,Hall,connor.hall.183@example.co.ke,+254714346684,1973-10-06,Male,9996 Johnson Groves,Eldoret,Uasin Gishu,30100,True
2024-09-18 10:00:00,seed_generator,2024-10-12 10:00:00,seed_generator,CU000184,12579846,Kristen,Hayes,kristen.hayes.184@example.co.ke,+254787030477,1972-05-08,Male,8662 Miller River,Eldoret,Uasin Gishu,30100,True
2025-04-05 10:00:00,seed_generator,2025-05-05 10:00:00,seed_generator,CU000185,13806703,Kenneth,Wright,kenneth.wright.185@example.co.ke,+254713478029,1976-09-09,Male,42626 Ward Course,Thika,Kiambu,01000,True
2025-03-23 10:00:00,seed_generator,2025-04-16 10:00:00,seed_generator,CU000186,18733875,Adam,Parker,adam.parker.186@example.co.ke,+254769897763,1979-04-02,Male,1212 Cole Point Suite 101,Mombasa,Mombasa,80100,True
2025-05-26 10:00:00,seed_generator,2025-05-29 10:00:00,seed_generator,CU000187,14554289,Michael,Davis,michael.davis.187@example.co.ke,+254719939096,2000-07-21,Female,0466 Jenny Points Apt. 982,Meru,Meru,60200,True
2025-09-18 10:00:00,seed_generator,2025-10-13 10:00:00,seed_generator,CU000188,32881748,Gina,Jackson,gina.jackson.188@example.co.ke,+254752894344,1991-03-03,Female,4721 Ryan Manor Suite 715,Meru,Meru,60200,True
2025-02-12 10:00:00,seed_generator,2025-03-11 10:00:00,seed_generator,CU000189,15284999,Johnathan,Wright,johnathan.wright.189@example.co.ke,+254795590648,1975-08-14,Male,937 Derek Avenue Suite 596,Thika,Kiambu,01000,True
2025-05-25 10:00:00,seed_generator,2025-06-19 10:00:00,seed_generator,CU000190,14659934,Linda,Rivera,linda.rivera.190@example.co.ke,+254741774192,2004-04-27,Female,9245 Timothy Fall Suite 547,Mombasa,Mombasa,80100,True
2024-08-25 10:00:00,seed_generator,2024-09-19 10:00:00,seed_generator,CU000191,28510199,Tammy,Casey,tammy.casey.191@example.co.ke,+254727417599,1967-09-26,Female,4651 Brittany Plains Apt. 807,Eldoret,Uasin Gishu,30100,True
2024-06-26 10:00:00,seed_generator,2024-07-09 10:00:00,seed_generator,CU000192,35808879,Sherry,Clark,sherry.clark.192@example.co.ke,+254764953237,1966-08-13,Female,167 Cynthia Garden Suite 266,Meru,Meru,60200,True
2024-09-12 10:00:00,seed_generator,2024-09-26 10:00:00,seed_generator,CU000193,32820670,Charles,Ewing,charles.ewing.193@example.co.ke,+254779438885,1990-11-28,Female,688 Stephens Turnpike Suite 891,Mombasa,Mombasa,80100,True
2023-10-22 10:00:00,seed_generator,2023-11-21 10:00:00,seed_generator,CU000194,14329627,Daniel,Wright,daniel.wright.194@example.co.ke,+254768065043,2005-02-10,Female,90965 Rodriguez Courts Suite 388,Kisumu,Kisumu,40100,True
2025-02-08 10:00:00,seed_generator,2025-02-13 10:00:00,seed_generator,CU000195,15434709,Angela,Watts,angela.watts.195@example.co.ke,+254753306792,1980-03-24,Male,5679 Michael Burg,Kisumu,Kisumu,40100,True
2023-08-03 10:00:00,seed_generator,2023-08-05 10:00:00,seed_generator,CU000196,18408918,Timothy,Phillips,timothy.phillips.196@example.co.ke,+254736347197,1984-08-15,Female,25457 Adriana Keys,Thika,Kiambu,01000,True
2024-07-20 10:00:00,seed_generator,2024-08-09 10:00:00,seed_generator,CU000197,15658481,Thomas,Kim,thomas.kim.197@example.co.ke,+254789431184,1973-10-31,Female,1401 Melinda Rue Apt. 238,Mombasa,Mombasa,80100,True
2023-08-07 10:00:00,seed_generator,2023-09-05 10:00:00,seed_generator,CU000198,28911883,Greg,Moore,greg.moore.198@example.co.ke,+254715529005,1962-07-18,Female,3622 Foster Street Apt. 796,Eldoret,Uasin Gishu,30100,True
2024-02-19 10:00:00,seed_generator,2024-02-25 10:00:00,seed_generator,CU000199,35734873,Paul,Bush,paul.bush.199@example.co.ke,+254786790955,1997-05-16,Female,1918 Michael Flat,Thika,Kiambu,01000,True
2024-02-28 10:00:00,seed_generator,2024-03-29 10:00:00,seed_generator,CU000200,20136596,Stephen,Baker,stephen.baker.200@example.co.ke,+254774819756,1981-12-20,Male,596 Matthews Keys Suite 792,Thika,Kiambu,01000,True
2024-01-11 10:00:00,seed_generator,2024-01-12 10:00:00,seed_generator,CU000201,15304299,Lisa,Mccarthy,lisa.mccarthy.201@example.co.ke,+254769002851,1997-04-15,Male,912 Wilson Inlet Apt. 252,Mombasa,Mombasa,80100,True
2024-04-04 10:00:00,seed_generator,2024-04-08 10:00:00,seed_generator,CU000202,20488528,William,Barnes,william.barnes.202@example.co.ke,+254752857920,1990-12-26,Male,662 Reid Square,Eldoret,Uasin Gishu,30100,True
2024-07-07 10:00:00,seed_generator,2024-07-24 10:00:00,seed_generator,CU000203,13562941,Samantha,Arias,samantha.arias.203@example.co.ke,+254752831009,1981-09-08,Male,274 Jacob Ville,Eldoret,Uasin Gishu,30100,True
2025-04-07 10:00:00,seed_generator,2025-04-11 10:00:00,seed_generator,CU000204,13248460,Shannon,Brown,shannon.brown.204@example.co.ke,+254716792127,1986-01-13,Male,72368 Ortiz Overpass Suite 772,Meru,Meru,60200,True
2025-04-06 10:00:00,seed_generator,2025-05-06 10:00:00,seed_generator,CU000205,39034901,Christopher,Johnson,christopher.johnson.205@example.co.ke,+254731434525,1989-05-17,Male,0438 Jackson Mount,Machakos,Machakos,90100,True
2024-07-24 10:00:00,seed_generator,2024-08-09 10:00:00,seed_generator,CU000206,25663716,Ariel,Barton,ariel.barton.206@example.co.ke,+254776942394,1987-09-06,Male,819 Joseph Plains Suite 807,Kisumu,Kisumu,40100,False
2024-07-17 10:00:00,seed_generator,2024-07-31 10:00:00,seed_generator,CU000207,18077512,Amy,Fritz,amy.fritz.207@example.co.ke,+254738876195,1991-08-29,Female,340 Baker Wall,Machakos,Machakos,90100,True
2024-04-14 10:00:00,seed_generator,2024-05-12 10:00:00,seed_generator,CU000208,38281341,Lisa,Gonzales,lisa.gonzales.208@example.co.ke,+254797813295,2002-03-21,Male,39596 Christina Tunnel,Meru,Meru,60200,True
2024-10-01 10:00:00,seed_generator,2024-10-05 10:00:00,seed_generator,CU000209,39610300,Jamie,Clark,jamie.clark.209@example.co.ke,+254745496951,1992-10-24,Male,584 Mario Squares,Mombasa,Mombasa,80100,True
2025-10-25 10:00:00,seed_generator,2025-11-12 10:00:00,seed_generator,CU000210,28851445,Kelly,Armstrong,kelly.armstrong.210@example.co.ke,+254736126192,1992-07-10,Male,60422 Dustin Islands,Machakos,Machakos,90100,True
2023-10-26 10:00:00,seed_generator,2023-11-12 10:00:00,seed_generator,CU000211,19385868,Maria,Juarez,maria.juarez.211@example.co.ke,+254793650068,1970-08-29,Female,2946 Hayes Roads Apt. 684,Meru,Meru,60200,True
2024-11-29 10:00:00,seed_generator,2024-12-24 10:00:00,seed_generator,CU000212,21377814,Heather,Wiley,heather.wiley.212@example.co.ke,+254784870921,1992-10-19,Female,5901 Reid Square Suite 186,Machakos,Machakos,90100,True
2024-07-22 10:00:00,seed_generator,2024-07-23 10:00:00,seed_generator,CU000213,11520128,Jeffery,Jordan,jeffery.jordan.213@example.co.ke,+254715222944,1972-04-17,Male,4545 Ashlee Oval,Machakos,Machakos,90100,True
2025-07-17 10:00:00,seed_generator,2025-08-05 10:00:00,seed_generator,CU000214,39968526,Kristina,Shannon,kristina.shannon.214@example.co.ke,+254779190008,1972-07-16,Male,17012 Bryant Meadow,Meru,Meru,60200,True
2025-07-03 10:00:00,seed_generator,2025-07-15 10:00:00,seed_generator,CU000215,30686323,James,Barker,james.barker.215@example.co.ke,+254750162553,1990-03-06,Male,424 Diamond Glen,Eldoret,Uasin Gishu,30100,True
2024-08-17 10:00:00,seed_generator,2024-09-12 10:00:00,seed_generator,CU000216,10558243,Christopher,Beck,christopher.beck.216@example.co.ke,+254759440148,1989-09-19,Female,64361 Aaron Neck,Thika,Kiambu,01000,True
2023-09-23 10:00:00,seed_generator,2023-10-21 10:00:00,seed_generator,CU000217,34337841,Christian,Wheeler,christian.wheeler.217@example.co.ke,+254794457912,1962-05-23,Male,05162 Jones Lights Apt. 115,Thika,Kiambu,01000,True
2023-12-09 10:00:00,seed_generator,2023-12-10 10:00:00,seed_generator,CU000218,29579792,Michael,Evans,michael.evans.218@example.co.ke,+254774484744,1975-04-19,Male,21890 Scott Stravenue Apt. 269,Nakuru,Nakuru,20100,True
2025-11-14 10:00:00,seed_generator,2025-12-02 10:00:00,seed_generator,CU000219,33505581,Glenda,Heath,glenda.heath.219@example.co.ke,+254724749927,1977-02-11,Female,21965 Edwards Dam,Nakuru,Nakuru,20100,True
2025-07-14 10:00:00,seed_generator,2025-07-27 10:00:00,seed_generator,CU000220,33169344,John,Newman,john.newman.220@example.co.ke,+254737365878,1996-10-25,Male,999 Maxwell Spurs,Machakos,Machakos,90100,True
2023-12-25 10:00:00,seed_generator,2023-12-29 10:00:00,seed_generator,CU000221,27404120,Anthony,Boone,anthony.boone.221@example.co.ke,+254737828932,1989-02-28,Male,89836 Lucas Tunnel Apt. 761,Nairobi,Nairobi,00100,True
2025-06-22 10:00:00,seed_generator,2025-07-06 10:00:00,seed_generator,CU000222,27888775,John,Little,john.little.222@example.co.ke,+254755946354,2009-01-03,Male,055 Paul Villages,Eldoret,Uasin Gishu,30100,True
2024-04-01 10:00:00,seed_generator,2024-04-16 10:00:00,seed_generator,CU000223,16451314,Ashley,Diaz,ashley.diaz.223@example.co.ke,+254743087238,1985-01-11,Male,1091 Jose Canyon,Thika,Kiambu,01000,True
2023-10-19 10:00:00,seed_generator,2023-10-28 10:00:00,seed_generator,CU000224,33652550,Sandra,Fry,sandra.fry.224@example.co.ke,+254737820354,2003-11-14,Male,486 Miles Corner Apt. 414,Thika,Kiambu,01000,True
2025-02-25 10:00:00,seed_generator,2025-02-28 10:00:00,seed_generator,CU000225,29242688,Christian,Mccall,christian.mccall.225@example.co.ke,+254782905845,1994-01-23,Male,569 Kyle Mews,Thika,Kiambu,01000,True
2025-02-22 10:00:00,seed_generator,2025-02-23 10:00:00,seed_generator,CU000226,19651272,Jessica,Mathis,jessica.mathis.226@example.co.ke,+254720607151,1991-01-27,Male,16179 Kyle Streets,Kisumu,Kisumu,40100,True
2025-05-11 10:00:00,seed_generator,2025-05-17 10:00:00,seed_generator,CU000227,37781449,Diane,Thompson,diane.thompson.227@example.co.ke,+254782286705,1984-04-28,Male,202 Benton Pike,Meru,Meru,60200,True
2025-04-12 10:00:00,seed_generator,2025-04-13 10:00:00,seed_generator,CU000228,32475898,Zachary,Carson,zachary.carson.228@example.co.ke,+254781275182,1980-03-30,Female,52410 Roman Groves Apt. 491,Nakuru,Nakuru,20100,True
2025-01-12 10:00:00,seed_generator,2025-02-03 10:00:00,seed_generator,CU000229,25851244,Tyler,Dixon,tyler.dixon.229@example.co.ke,+254723494908,1972-05-01,Female,9252 Ayala Ports,Machakos,Machakos,90100,True
2024-10-26 10:00:00,seed_generator,2024-11-15 10:00:00,seed_generator,CU000230,39549625,Emily,Wilson,emily.wilson.230@example.co.ke,+254773847325,2002-11-01,Female,03075 Mora Fall,Kisumu,Kisumu,40100,True
2025-01-22 10:00:00,seed_generator,2025-01-31 10:00:00,seed_generator,CU000231,31672737,Sarah,Mathews,sarah.mathews.231@example.co.ke,+254717940667,1968-01-10,Female,53654 Ashley Crest Apt. 238,Thika,Kiambu,01000,True
2025-06-20 10:00:00,seed_generator,2025-07-03 10:00:00,seed_generator,CU000232,39603228,Tina,Finley,tina.finley.232@example.co.ke,+254733593960,1963-04-05,Male,4451 Smith Flats,Nairobi,Nairobi,00100,True
2023-11-11 10:00:00,seed_generator,2023-12-11 10:00:00,seed_generator,CU000233,39269218,Kelly,Mueller,kelly.mueller.233@example.co.ke,+254748851599,1963-05-12,Female,5973 Edward Lodge,Kisumu,Kisumu,40100,True
2025-01-07 10:00:00,seed_generator,2025-01-16 10:00:00,seed_generator,CU000234,25245425,Andrew,Weaver,andrew.weaver.234@example.co.ke,+254796075494,2008-09-27,Male,0641 Alyssa Freeway,Mombasa,Mombasa,80100,True
2024-07-18 10:00:00,seed_generator,2024-08-01 10:00:00,seed_generator,CU000235,19154893,Robert,Woodward,robert.woodward.235@example.co.ke,+254735878707,1970-02-08,Male,410 Phyllis Pike,Kisumu,Kisumu,40100,True
2024-02-22 10:00:00,seed_generator,2024-03-01 10:00:00,seed_generator,CU000236,34112153,Robert,Huang,robert.huang.236@example.co.ke,+254734991216,1961-04-06,Male,191 Dana Lock Apt. 990,Meru,Meru,60200,True
2025-06-20 10:00:00,seed_generator,2025-07-09 10:00:00,seed_generator,CU000237,38727509,Ryan,Brandt,ryan.brandt.237@example.co.ke,+254795728324,1996-05-18,Male,4565 Chavez Fort,Nakuru,Nakuru,20100,True
2024-11-01 10:00:00,seed_generator,2024-11-22 10:00:00,seed_generator,CU000238,13200593,Charles,Harris,charles.harris.238@example.co.ke,+254734800912,1972-08-12,Male,12775 Martinez Knolls,Mombasa,Mombasa,80100,True
2025-12-10 10:00:00,seed_generator,2025-12-18 10:00:00,seed_generator,CU000239,22870620,Tami,Clark,tami.clark.239@example.co.ke,+254741611127,2000-01-29,Male,4112 Mckenzie Square Apt. 352,Nakuru,Nakuru,20100,True
2024-04-29 10:00:00,seed_generator,2024-05-22 10:00:00,seed_generator,CU000240,29222574,Christopher,Wright,christopher.wright.240@example.co.ke,+254711534878,1983-06-19,Male,8044 Anthony Lodge Suite 883,Thika,Kiambu,01000,True
2024-02-02 10:00:00,seed_generator,2024-02-05 10:00:00,seed_generator,CU000241,25616064,Cody,Garcia,cody.garcia.241@example.co.ke,+254751178850,1974-04-30,Male,00323 Watson Roads,Nairobi,Nairobi,00100,True
2024-01-10 10:00:00,seed_generator,2024-01-13 10:00:00,seed_generator,CU000242,31431595,Sharon,Miller,sharon.miller.242@example.co.ke,+254749599276,1992-12-21,Female,01372 Rebecca Village Suite 107,Thika,Kiambu,01000,True
2024-08-14 10:00:00,seed_generator,2024-08-18 10:00:00,seed_generator,CU000243,25266550,Brent,Glass,brent.glass.243@example.co.ke,+254791300905,1993-07-08,Male,670 Vega Extensions Suite 324,Kisumu,Kisumu,40100,True
2023-11-02 10:00:00,seed_generator,2023-11-19 10:00:00,seed_generator,CU000244,36910486,Joshua,Stephenson,joshua.stephenson.244@example.co.ke,+254799133246,1979-08-05,Female,993 Porter Plaza,Meru,Meru,60200,True
2024-06-26 10:00:00,seed_generator,2024-07-10 10:00:00,seed_generator,CU000245,27722549,Timothy,Miller,timothy.miller.245@example.co.ke,+254758557943,1967-01-03,Female,63838 Veronica Tunnel Suite 787,Mombasa,Mombasa,80100,True
2024-05-09 10:00:00,seed_generator,2024-05-26 10:00:00,seed_generator,CU000246,15028211,Maurice,Cunningham,maurice.cunningham.246@example.co.ke,+254732083803,1989-06-08,Male,4205 Anthony Valleys Suite 078,Nakuru,Nakuru,20100,True
2023-12-13 10:00:00,seed_generator,2023-12-31 10:00:00,seed_generator,CU000247,26402344,Michael,Silva,michael.silva.247@example.co.ke,+254722205980,2005-10-14,Male,13348 Kathryn Forges,Nakuru,Nakuru,20100,True
2025-08-03 10:00:00,seed_generator,2025-08-19 10:00:00,seed_generator,CU000248,23939335,Barbara,Mcgrath,barbara.mcgrath.248@example.co.ke,+254771310453,1965-03-06,Male,2239 Drake Square Suite 905,Meru,Meru,60200,True
2023-12-07 10:00:00,seed_generator,2023-12-07 10:00:00,seed_generator,CU000249,23285834,Stacey,Elliott,stacey.elliott.249@example.co.ke,+254744152669,1960-04-08,Female,8427 Christopher Fort,Thika,Kiambu,01000,True
2024-10-09 10:00:00,seed_generator,2024-10-20 10:00:00,seed_generator,CU000250,33501016,Carolyn,Smith,carolyn.smith.250@example.co.ke,+254718557710,2008-07-19,Female,59325 Samantha Vista Suite 002,Nairobi,Nairobi,00100,True
