created_at,created_by,updated_at,updated_by,payment_id,claim_id,policy_id,payment_date,amount,method,reference,active
2025-08-04 10:00:00,seed_generator,2025-08-15 10:00:00,seed_generator,PM0000001,,PO0000309,2024-09-11,139388.00,Bank Transfer,RCT-000000001,True
2024-09-16 10:00:00,seed_generator,2024-10-14 10:00:00,seed_generator,PM0000002,,PO0000251,2025-04-21,152602.00,Cheque,RCT-000000002,True
2025-09-15 10:00:00,seed_generator,2025-10-09 10:00:00,seed_generator,PM0000003,,PO0000217,2025-07-09,165921.00,Bank Transfer,RCT-000000003,True
2024-03-11 10:00:00,seed_generator,2024-03-24 10:00:00,seed_generator,PM0000004,CL0000132,PO0000223,2025-12-11,126510.00,Bank Transfer,RCT-000000004,True
2024-01-14 10:00:00,seed_generator,2024-02-05 10:00:00,seed_generator,PM0000005,,PO0000332,2026-04-02,143222.00,Cheque,RCT-000000005,True
2025-02-22 10:00:00,seed_generator,2025-03-08 10:00:00,seed_generator,PM0000006,,PO0000043,2026-05-07,83746.00,Bank Transfer,RCT-000000006,True
2024-01-16 10:00:00,seed_generator,2024-02-13 10:00:00,seed_generator,PM0000007,,PO0000066,2025-05-17,142125.00,Cash,RCT-000000007,True
2024-05-13 10:00:00,seed_generator,2024-05-14 10:00:00,seed_generator,PM0000008,,PO0000152,2025-01-17,139588.00,M-Pesa,RCT-000000008,True
2024-10-07 10:00:00,seed_generator,2024-10-20 10:00:00,seed_generator,PM0000009,CL0000170,PO0000262,2026-05-13,218077.00,Card,RCT-000000009,True
2025-03-31 10:00:00,seed_generator,2025-04-18 10:00:00,seed_generator,PM0000010,CL0000129,PO0000182,2024-07-09,34867.00,Cash,RCT-000000010,True
2023-10-03 10:00:00,seed_generator,2023-10-08 10:00:00,seed_generator,PM0000011,,PO0000092,2024-08-30,26834.00,Cash,RCT-000000011,True
2025-02-15 10:00:00,seed_generator,2025-02-25 10:00:00,seed_generator,PM0000012,,PO0000361,2026-07-03,203535.00,Cash,RCT-000000012,True
2023-09-11 10:00:00,seed_generator,2023-09-19 10:00:00,seed_generator,PM0000013,,PO0000320,2025-10-06,60330.00,Bank Transfer,RCT-000000013,True
2023-11-13 10:00:00,seed_generator,2023-12-02 10:00:00,seed_generator,PM0000014,,PO0000041,2025-10-22,32873.00,Cash,RCT-000000014,True
2025-11-28 10:00:00,seed_generator,2025-11-28 10:00:00,seed_generator,PM0000015,,PO0000274,2024-06-12,50019.00,Cash,RCT-000000015,True
2024-01-08 10:00:00,seed_generator,2024-01-20 10:00:00,seed_generator,PM0000016,,PO0000236,2026-01-22,195293.00,Cash,RCT-000000016,True
2024-03-23 10:00:00,seed_generator,2024-04-18 10:00:00,seed_generator,PM0000017,,PO0000156,2024-09-18,186052.00,Cash,RCT-000000017,True
2025-09-18 10:00:00,seed_generator,2025-09-22 10:00:00,seed_generator,PM0000018,CL0000049,PO0000155,2024-03-19,218901.00,M-Pesa,RCT-000000018,True
2025-06-07 10:00:00,seed_generator,2025-07-04 10:00:00,seed_generator,PM0000019,CL0000124,PO0000357,2025-07-25,43051.00,Bank Transfer,RCT-000000019,True
2023-08-07 10:00:00,seed_generator,2023-08-27 10:00:00,seed_generator,PM0000020,,PO0000224,2026-08-13,55047.00,M-Pesa,RCT-000000020,True
2023-10-20 10:00:00,seed_generator,2023-11-03 10:00:00,seed_generator,PM0000021,CL0000109,PO0000155,2024-02-02,35528.00,Bank Transfer,RCT-000000021,True
2023-11-21 10:00:00,seed_generator,2023-12-13 10:00:00,seed_generator,PM0000022,,PO0000079,2026-05-29,128598.00,M-Pesa,RCT-000000022,True
2024-04-26 10:00:00,seed_generator,2024-05-03 10:00:00,seed_generator,PM0000023,,PO0000231,2025-02-12,222435.00,Cash,RCT-000000023,True
2025-01-09 10:00:00,seed_generator,2025-01-09 10:00:00,seed_generator,PM0000024,CL0000111,PO0000027,2025-12-28,227459.00,Cash,RCT-000000024,True
2024-05-03 10:00:00,seed_generator,2024-05-22 10:00:00,seed_generator,PM0000025,,PO0000378,2025-12-21,14703.00,Cash,RCT-000000025,True
2024-08-06 10:00:00,seed_generator,2024-08-22 10:00:00,seed_generator,PM0000026,,PO0000205,2026-03-26,182908.00,Cash,RCT-000000026,True
2023-12-16 10:00:00,seed_generator,2023-12-17 10:00:00,seed_generator,PM0000027,,PO0000119,2024-08-06,156100.00,Card,RCT-000000027,True
2025-10-12 10:00:00,seed_generator,2025-10-20 10:00:00,seed_generator,PM0000028,,PO0000284,2025-08-06,238082.00,Cash,RCT-000000028,True
2024-07-28 10:00:00,seed_generator,2024-08-16 10:00:00,seed_generator,PM0000029,,PO0000060,2025-05-12,122525.00,Cash,RCT-000000029,True
2025-07-04 10:00:00,seed_generator,2025-07-13 10:00:00,seed_generator,PM0000030,,PO0000011,2025-12-26,95137.00,Cash,RCT-000000030,True
2024-07-15 10:00:00,seed_generator,2024-07-22 10:00:00,seed_generator,PM0000031,,PO0000119,2024-12-18,93906.00,Cheque,RCT-000000031,True
2024-02-13 10:00:00,seed_generator,2024-02-27 10:00:00,seed_generator,PM0000032,CL0000076,PO0000367,2026-05-10,114277.00,Card,RCT-000000032,True
2023-09-20 10:00:00,seed_generator,2023-10-17 10:00:00,seed_generator,PM0000033,,PO0000242,2025-08-21,79044.00,M-Pesa,RCT-000000033,True
2024-08-09 10:00:00,seed_generator,2024-08-13 10:00:00,seed_generator,PM0000034,,PO0000342,2025-05-19,163793.00,Cash,RCT-000000034,True
2023-09-26 10:00:00,seed_generator,2023-10-09 10:00:00,seed_generator,PM0000035,,PO0000052,2025-12-02,84600.00,Bank Transfer,RCT-000000035,True
2024-05-25 10:00:00,seed_generator,2024-05-26 10:00:00,seed_generator,PM0000036,,PO0000108,2025-12-14,235924.00,Card,RCT-000000036,True
2024-01-23 10:00:00,seed_generator,2024-01-28 10:00:00,seed_generator,PM0000037,,PO0000183,2025-07-03,13380.00,M-Pesa,RCT-000000037,True
2024-10-02 10:00:00,seed_generator,2024-10-05 10:00:00,seed_generator,PM0000038,,PO0000173,2024-11-28,152320.00,Bank Transfer,RCT-000000038,True
2025-03-27 10:00:00,seed_generator,2025-04-06 10:00:00,seed_generator,PM0000039,,PO0000250,2025-02-14,206875.00,Cheque,RCT-000000039,True
2025-07-15 10:00:00,seed_generator,2025-08-11 10:00:00,seed_generator,PM0000040,,PO0000137,2026-04-01,163410.00,M-Pesa,RCT-000000040,True
2025-10-26 10:00:00,seed_generator,2025-11-24 10:00:00,seed_generator,PM0000041,,PO0000362,2026-03-08,225619.00,M-Pesa,RCT-000000041,True
2023-10-08 10:00:00,seed_generator,2023-10-27 10:00:00,seed_generator,PM0000042,,PO0000055,2025-10-23,220904.00,Cheque,RCT-000000042,True
2024-07-15 10:00:00,seed_generator,2024-07-18 10:00:00,seed_generator,PM0000043,,PO0000022,2024-08-21,233293.00,Bank Transfer,RCT-000000043,True
2025-07-09 10:00:00,seed_generator,2025-08-01 10:00:00,seed_generator,PM0000044,,PO0000186,2025-10-22,204744.00,Cheque,RCT-000000044,True
2023-11-27 10:00:00,seed_generator,2023-12-24 10:00:00,seed_generator,PM0000045,CL0000166,PO0000256,2025-03-09,92715.00,Bank Transfer,RCT-000000045,True
2023-08-01 10:00:00,seed_generator,2023-08-07 10:00:00,seed_generator,PM0000046,,PO0000063,2026-02-25,206646.00,M-Pesa,RCT-000000046,True
2023-08-15 10:00:00,seed_generator,2023-09-09 10:00:00,seed_generator,PM0000047,,PO0000126,2024-08-27,137388.00,Bank Transfer,RCT-000000047,True
2025-03-19 10:00:00,seed_generator,2025-03-30 10:00:00,seed_generator,PM0000048,,PO0000044,2026-02-24,99540.00,Bank Transfer,RCT-000000048,True
2023-11-06 10:00:00,seed_generator,2023-11-30 10:00:00,seed_generator,PM0000049,,PO0000078,2024-11-27,41174.00,Cash,RCT-000000049,True
2024-10-23 10:00:00,seed_generator,2024-11-20 10:00:00,seed_generator,PM0000050,,PO0000212,2025-04-16,213301.00,Card,RCT-000000050,True
2024-09-19 10:00:00,seed_generator,2024-09-23 10:00:00,seed_generator,PM0000051,,PO0000016,2026-06-02,23240.00,M-Pesa,RCT-000000051,True
2025-01-28 10:00:00,seed_generator,2025-02-09 10:00:00,seed_generator,PM0000052,,PO0000174,2024-08-20,118789.00,M-Pesa,RCT-000000052,True
2023-10-31 10:00:00,seed_generator,2023-11-01 10:00:00,seed_generator,PM0000053,,PO0000202,2026-05-22,44571.00,Cheque,RCT-000000053,True
2024-03-10 10:00:00,seed_generator,2024-04-01 10:00:00,seed_generator,PM0000054,,PO0000030,2024-12-28,82522.00,Cash,RCT-000000054,True
2024-01-19 10:00:00,seed_generator,2024-02-10 10:00:00,seed_generator,PM0000055,,PO0000206,2024-06-27,194150.00,Card,RCT-000000055,True
2025-12-08 10:00:00,seed_generator,2026-01-03 10:00:00,seed_generator,PM0000056,,PO0000177,2025-06-30,165012.00,Bank Transfer,RCT-000000056,True
2024-10-29 10:00:00,seed_generator,2024-11-12 10:00:00,seed_generator,PM0000057,,PO0000359,2026-04-15,168672.00,Cheque,RCT-000000057,True
2024-09-20 10:00:00,seed_generator,2024-10-12 10:00:00,seed_generator,PM0000058,,PO0000334,2025-08-12,111038.00,Bank Transfer,RCT-000000058,True
2025-09-21 10:00:00,seed_generator,2025-09-22 10:00:00,seed_generator,PM0000059,,PO0000155,2024-08-08,195080.00,Bank Transfer,RCT-000000059,True
2024-06-11 10:00:00,seed_generator,2024-06-20 10:00:00,seed_generator,PM0000060,,PO0000267,2025-07-21,149647.00,Card,RCT-000000060,True
2025-01-02 10:00:00,seed_generator,2025-01-26 10:00:00,seed_generator,PM0000061,,PO0000267,2024-11-13,12311.00,Cheque,RCT-000000061,True
2025-03-27 10:00:00,seed_generator,2025-04-03 10:00:00,seed_generator,PM0000062,,PO0000304,2026-01-04,195450.00,Cash,RCT-000000062,True
2025-08-25 10:00:00,seed_generator,2025-09-17 10:00:00,seed_generator,PM0000063,CL0000096,PO0000259,2025-10-21,169361.00,Cheque,RCT-000000063,True
2025-08-12 10:00:00,seed_generator,2025-08-13 10:00:00,seed_generator,PM0000064,,PO0000182,2024-09-02,122633.00,Card,RCT-000000064,True
2023-11-23 10:00:00,seed_generator,2023-11-23 10:00:00,seed_generator,PM0000065,,PO0000294,2025-09-06,216127.00,Cheque,RCT-000000065,True
2023-12-16 10:00:00,seed_generator,2024-01-13 10:00:00,seed_generator,PM0000066,,PO0000290,2026-04-14,144798.00,Cheque,RCT-000000066,True
2024-12-23 10:00:00,seed_generator,2025-01-01 10:00:00,seed_generator,PM0000067,,PO0000120,2026-03-08,181274.00,Bank Transfer,RCT-000000067,True
2024-11-25 10:00:00,seed_generator,2024-12-11 10:00:00,seed_generator,PM0000068,,PO0000366,2025-02-22,90943.00,Cheque,RCT-000000068,True
2025-06-02 10:00:00,seed_generator,2025-06-28 10:00:00,seed_generator,PM0000069,,PO0000299,2026-02-06,30686.00,Bank Transfer,RCT-000000069,True
2024-10-07 10:00:00,seed_generator,2024-11-02 10:00:00,seed_generator,PM0000070,,PO0000365,2024-05-19,21303.00,Cash,RCT-000000070,True
2024-08-16 10:00:00,seed_generator,2024-08-22 10:00:00,seed_generator,PM0000071,,PO0000067,2026-03-12,182424.00,Cheque,RCT-000000071,True
2024-04-23 10:00:00,seed_generator,2024-05-10 10:00:00,seed_generator,PM0000072,,PO0000207,2026-05-08,233593.00,Card,RCT-000000072,True
2024-07-24 10:00:00,seed_generator,2024-08-13 10:00:00,seed_generator,PM0000073,,PO0000300,2025-09-08,185621.00,Cash,RCT-000000073,True
2024-10-16 10:00:00,seed_generator,2024-11-11 10:00:00,seed_generator,PM0000074,,PO0000375,2024-10-18,38324.00,Cash,RCT-000000074,True
2024-09-04 10:00:00,seed_generator,2024-09-08 10:00:00,seed_generator,PM0000075,,PO0000365,2024-12-20,231301.00,Cheque,RCT-000000075,True
2024-01-05 10:00:00,seed_generator,2024-01-11 10:00:00,seed_generator,PM0000076,,PO0000061,2025-04-25,200689.00,Bank Transfer,RCT-000000076,True
2024-12-03 10:00:00,seed_generator,2025-01-01 10:00:00,seed_generator,PM0000077,,PO0000287,2025-12-25,228429.00,Cash,RCT-000000077,True
2025-08-15 10:00:00,seed_generator,2025-08-26 10:00:00,seed_generator,PM0000078,,PO0000057,2024-02-01,142042.00,Bank Transfer,RCT-000000078,True
2024-12-01 10:00:00,seed_generator,2024-12-10 10:00:00,seed_generator,PM0000079,,PO0000061,2025-09-11,82065.00,Cash,RCT-000000079,True
2023-09-28 10:00:00,seed_generator,2023-10-02 10:00:00,seed_generator,PM0000080,CL0000151,PO0000015,2024-08-19,17753.00,Card,RCT-000000080,True
2025-05-10 10:00:00,seed_generator,2025-05-15 10:00:00,seed_generator,PM0000081,,PO0000146,2026-05-01,5546.00,M-Pesa,RCT-000000081,True
2024-12-24 10:00:00,seed_generator,2024-12-26 10:00:00,seed_generator,PM0000082,,PO0000281,2025-09-12,131137.00,Cheque,RCT-000000082,True
2024-05-16 10:00:00,seed_generator,2024-05-30 10:00:00,seed_generator,PM0000083,,PO0000159,2024-10-19,129578.00,Cheque,RCT-000000083,True
2023-10-28 10:00:00,seed_generator,2023-11-01 10:00:00,seed_generator,PM0000084,,PO0000068,2025-02-16,204669.00,Cash,RCT-000000084,True
2024-09-13 10:00:00,seed_generator,2024-09-17 10:00:00,seed_generator,PM0000085,,PO0000342,2025-08-13,28413.00,Cheque,RCT-000000085,True
2024-03-18 10:00:00,seed_generator,2024-03-31 10:00:00,seed_generator,PM0000086,,PO0000341,2026-04-02,93866.00,Cheque,RCT-000000086,True
2024-01-30 10:00:00,seed_generator,2024-02-27 10:00:00,seed_generator,PM0000087,,PO0000024,2024-10-10,174323.00,M-Pesa,RCT-000000087,True
2023-12-23 10:00:00,seed_generator,2023-12-23 10:00:00,seed_generator,PM0000088,,PO0000085,2024-06-10,152074.00,M-Pesa,RCT-000000088,True
2024-05-23 10:00:00,seed_generator,2024-05-25 10:00:00,seed_generator,PM0000089,,PO0000330,2025-05-20,147038.00,Cheque,RCT-000000089,True
2025-10-23 10:00:00,seed_generator,2025-11-22 10:00:00,seed_generator,PM0000090,,PO0000388,2025-09-12,201754.00,Cash,RCT-000000090,True
2025-11-27 10:00:00,seed_generator,2025-11-30 10:00:00,seed_generator,PM0000091,,PO0000258,2026-03-10,52118.00,M-Pesa,RCT-000000091,True
2023-10-03 10:00:00,seed_generator,2023-10-09 10:00:00,seed_generator,PM0000092,,PO0000141,2025-04-22,121452.00,M-Pesa,RCT-000000092,True
2024-04-04 10:00:00,seed_generator,2024-04-14 10:00:00,seed_generator,PM0000093,,PO0000274,2024-06-29,133836.00,M-Pesa,RCT-000000093,True
2024-09-25 10:00:00,seed_generator,2024-09-30 10:00:00,seed_generator,PM0000094,,PO0000175,2025-05-29,88199.00,Cash,RCT-000000094,True
2025-09-14 10:00:00,seed_generator,2025-09-17 10:00:00,seed_generator,PM0000095,,PO0000132,2024-11-17,49081.00,Card,RCT-000000095,True
2025-06-12 10:00:00,seed_generator,2025-06-20 10:00:00,seed_generator,PM0000096,,PO0000074,2025-01-13,85424.00,Cash,RCT-000000096,True
2025-06-26 10:00:00,seed_generator,2025-06-27 10:00:00,seed_generator,PM0000097,,PO0000348,2025-09-04,52568.00,M-Pesa,RCT-000000097,True
2025-10-18 10:00:00,seed_generator,2025-10-27 10:00:00,seed_generator,PM0000098,,PO0000366,2025-06-12,42345.00,Cash,RCT-000000098,True
2025-03-27 10:00:00,seed_generator,2025-04-08 10:00:00,seed_generator,PM0000099,,PO0000166,2025-07-02,18599.00,Bank Transfer,RCT-000000099,True
2023-11-07 10:00:00,seed_generator,2023-11-26 10:00:00,seed_generator,PM0000100,,PO0000123,2025-10-17,138332.00,Cheque,RCT-000000100,True
2025-08-21 10:00:00,seed_generator,2025-08-29 10:00:00,seed_generator,PM0000101,CL0000119,PO0000198,2025-02-28,111712.00,M-Pesa,RCT-000000101,True
2025-11-17 10:00:00,seed_generator,2025-11-30 10:00:00,seed_generator,PM0000102,,PO0000248,2025-04-08,75558.00,Cheque,RCT-000000102,True
2024-01-25 10:00:00,seed_generator,2024-01-28 10:00:00,seed_generator,PM0000103,,PO0000301,2025-06-07,175800.00,Bank Transfer,RCT-000000103,True
2024-05-14 10:00:00,seed_generator,2024-05-27 10:00:00,seed_generator,PM0000104,,PO0000156,2025-02-06,136185.00,Bank Transfer,RCT-000000104,True
2024-11-29 10:00:00,seed_generator,2024-12-16 10:00:00,seed_generator,PM0000105,,PO0000073,2025-09-21,145911.00,Cash,RCT-000000105,True
2024-09-10 10:00:00,seed_generator,2024-09-11 10:00:00,seed_generator,PM0000106,CL0000119,PO0000285,2026-05-01,80825.00,Bank Transfer,RCT-000000106,True
2025-10-16 10:00:00,seed_generator,2025-11-14 10:00:00,seed_generator,PM0000107,,PO0000001,2025-06-07,161727.00,Card,RCT-000000107,True
2024-11-22 10:00:00,seed_generator,2024-12-03 10:00:00,seed_generator,PM0000108,,PO0000349,2025-07-15,158395.00,Cheque,RCT-000000108,True
2025-10-31 10:00:00,seed_generator,2025-11-05 10:00:00,seed_generator,PM0000109,,PO0000145,2025-03-10,23333.00,Card,RCT-000000109,True
2024-11-07 10:00:00,seed_generator,2024-11-29 10:00:00,seed_generator,PM0000110,CL0000036,PO0000046,2025-06-26,78258.00,Cash,RCT-000000110,True
2024-03-31 10:00:00,seed_generator,2024-04-16 10:00:00,seed_generator,PM0000111,,PO0000108,2025-11-23,236717.00,Card,RCT-000000111,True
2025-03-24 10:00:00,seed_generator,2025-04-17 10:00:00,seed_generator,PM0000112,,PO0000326,2025-07-01,69468.00,Card,RCT-000000112,True
2025-05-15 10:00:00,seed_generator,2025-05-29 10:00:00,seed_generator,PM0000113,,PO0000175,2025-02-16,9161.00,Bank Transfer,RCT-000000113,True
2025-12-14 10:00:00,seed_generator,2026-01-02 10:00:00,seed_generator,PM0000114,,PO0000331,2024-07-08,181345.00,Bank Transfer,RCT-000000114,True
2024-05-26 10:00:00,seed_generator,2024-06-23 10:00:00,seed_generator,PM0000115,,PO0000212,2025-04-02,204875.00,Cash,RCT-000000115,True
2025-09-24 10:00:00,seed_generator,2025-10-19 10:00:00,seed_generator,PM0000116,,PO0000276,2026-03-18,25322.00,Cheque,RCT-000000116,True
2023-08-17 10:00:00,seed_generator,2023-09-12 10:00:00,seed_generator,PM0000117,,PO0000016,2026-08-21,37352.00,Card,RCT-000000117,True
2023-08-22 10:00:00,seed_generator,2023-09-10 10:00:00,seed_generator,PM0000118,,PO0000193,2025-02-02,224977.00,M-Pesa,RCT-000000118,True
2024-08-30 10:00:00,seed_generator,2024-09-10 10:00:00,seed_generator,PM0000119,,PO0000064,2024-09-14,7454.00,Bank Transfer,RCT-000000119,True
2025-11-26 10:00:00,seed_generator,2025-12-20 10:00:00,seed_generator,PM0000120,,PO0000381,2026-01-25,55203.00,M-Pesa,RCT-000000120,True
2024-03-16 10:00:00,seed_generator,2024-03-25 10:00:00,seed_generator,PM0000121,,PO0000315,2026-01-04,66409.00,Cash,RCT-000000121,True
2025-11-09 10:00:00,seed_generator,2025-11-17 10:00:00,seed_generator,PM0000122,,PO0000186,2026-01-14,59810.00,M-Pesa,RCT-000000122,True
2023-08-29 10:00:00,seed_generator,2023-09-18 10:00:00,seed_generator,PM0000123,,PO0000101,2025-04-12,154186.00,Cheque,RCT-000000123,True
2025-06-25 10:00:00,seed_generator,2025-07-12 10:00:00,seed_generator,PM0000124,,PO0000253,2026-04-08,181206.00,Cheque,RCT-000000124,True
2025-06-20 10:00:00,seed_generator,2025-06-22 10:00:00,seed_generator,PM0000125,,PO0000290,2025-06-11,38405.00,Card,RCT-000000125,True
2025-04-27 10:00:00,seed_generator,2025-05-25 10:00:00,seed_generator,PM0000126,,PO0000292,2024-10-18,55292.00,M-Pesa,RCT-000000126,True
2024-01-22 10:00:00,seed_generator,2024-02-08 10:00:00,seed_generator,PM0000127,,PO0000355,2026-09-08,151831.00,Cash,RCT-000000127,True
2024-10-05 10:00:00,seed_generator,2024-10-25 10:00:00,seed_generator,PM0000128,,PO0000002,2025-04-14,18595.00,Card,RCT-000000128,True
2023-08-05 10:00:00,seed_generator,2023-08-18 10:00:00,seed_generator,PM0000129,,PO0000222,2026-11-09,140867.00,Cash,RCT-000000129,True
2024-12-11 10:00:00,seed_generator,2024-12-27 10:00:00,seed_generator,PM0000130,,PO0000254,2025-06-12,17311.00,Card,RCT-000000130,True
2024-06-19 10:00:00,seed_generator,2024-07-03 10:00:00,seed_generator,PM0000131,,PO0000216,2025-09-29,56015.00,Card,RCT-000000131,True
2024-05-10 10:00:00,seed_generator,2024-06-04 10:00:00,seed_generator,PM0000132,CL0000058,PO0000042,2026-07-13,116101.00,M-Pesa,RCT-000000132,True
2025-05-29 10:00:00,seed_generator,2025-06-03 10:00:00,seed_generator,PM0000133,,PO0000128,2024-07-30,169100.00,M-Pesa,RCT-000000133,True
2024-08-12 10:00:00,seed_generator,2024-08-25 10:00:00,seed_generator,PM0000134,,PO0000015,2024-11-15,213986.00,Card,RCT-000000134,True
2025-04-07 10:00:00,seed_generator,2025-04-10 10:00:00,seed_generator,PM0000135,,PO0000129,2025-10-10,223239.00,M-Pesa,RCT-000000135,True
2024-07-02 10:00:00,seed_generator,2024-07-27 10:00:00,seed_generator,PM0000136,,PO0000171,2025-10-01,208358.00,Cheque,RCT-000000136,True
2024-09-23 10:00:00,seed_generator,2024-10-17 10:00:00,seed_generator,PM0000137,CL0000115,PO0000318,2026-02-05,37722.00,M-Pesa,RCT-000000137,True
2025-11-12 10:00:00,seed_generator,2025-11-24 10:00:00,seed_generator,PM0000138,,PO0000032,2025-02-03,22046.00,Bank Transfer,RCT-000000138,True
2023-09-17 10:00:00,seed_generator,2023-10-01 10:00:00,seed_generator,PM0000139,CL0000157,PO0000032,2024-12-30,118204.00,M-Pesa,RCT-000000139,True
2024-01-23 10:00:00,seed_generator,2024-01-24 10:00:00,seed_generator,PM0000140,,PO0000053,2025-02-02,227803.00,Cash,RCT-000000140,True
2025-09-09 10:00:00,seed_generator,2025-09-28 10:00:00,seed_generator,PM0000141,,PO0000206,2024-05-22,231645.00,Cheque,RCT-000000141,True
2024-03-18 10:00:00,seed_generator,2024-03-18 10:00:00,seed_generator,PM0000142,,PO0000338,2025-07-24,213447.00,Cash,RCT-000000142,True
2024-03-22 10:00:00,seed_generator,2024-03-25 10:00:00,seed_generator,PM0000143,,PO0000318,2026-03-26,210240.00,M-Pesa,RCT-000000143,True
2024-07-05 10:00:00,seed_generator,2024-07-15 10:00:00,seed_generator,PM0000144,,PO0000233,2024-11-12,31919.00,M-Pesa,RCT-000000144,True
2023-12-17 10:00:00,seed_generator,2023-12-19 10:00:00,seed_generator,PM0000145,,PO0000305,2025-08-17,242075.00,Cheque,RCT-000000145,True
2024-03-04 10:00:00,seed_generator,2024-03-20 10:00:00,seed_generator,PM0000146,,PO0000065,2025-03-02,131195.00,Cheque,RCT-000000146,True
2025-06-09 10:00:00,seed_generator,2025-06-16 10:00:00,seed_generator,PM0000147,CL0000012,PO0000228,2024-05-16,38470.00,Card,RCT-000000147,True
2024-09-26 10:00:00,seed_generator,2024-10-12 10:00:00,seed_generator,PM0000148,,PO0000300,2025-07-28,86576.00,Cheque,RCT-000000148,True
2023-10-14 10:00:00,seed_generator,2023-10-18 10:00:00,seed_generator,PM0000149,CL0000080,PO0000278,2025-01-21,94889.00,Card,RCT-000000149,True
2025-12-08 10:00:00,seed_generator,2025-12-24 10:00:00,seed_generator,PM0000150,,PO0000189,2026-10-16,42906.00,M-Pesa,RCT-000000150,True
2024-07-15 10:00:00,seed_generator,2024-08-10 10:00:00,seed_generator,PM0000151,,PO0000122,2024-04-14,115640.00,Card,RCT-000000151,True
2025-05-25 10:00:00,seed_generator,2025-06-14 10:00:00,seed_generator,PM0000152,,PO0000101,2024-12-26,94535.00,Bank Transfer,RCT-000000152,True
2024-08-16 10:00:00,seed_generator,2024-09-07 10:00:00,seed_generator,PM0000153,,PO0000342,2025-10-25,162224.00,Card,RCT-000000153,True
2024-05-16 10:00:00,seed_generator,2024-06-15 10:00:00,seed_generator,PM0000154,,PO0000297,2024-11-03,114758.00,Card,RCT-000000154,True
2025-08-31 10:00:00,seed_generator,2025-09-14 10:00:00,seed_generator,PM0000155,,PO0000084,2025-03-10,135005.00,Bank Transfer,RCT-000000155,True
2024-03-02 10:00:00,seed_generator,2024-03-09 10:00:00,seed_generator,PM0000156,,PO0000002,2025-01-10,168556.00,Bank Transfer,RCT-000000156,True
2024-08-11 10:00:00,seed_generator,2024-09-03 10:00:00,seed_generator,PM0000157,,PO0000123,2025-07-26,216621.00,Cash,RCT-000000157,True
2024-11-02 10:00:00,seed_generator,2024-11-07 10:00:00,seed_generator,PM0000158,,PO0000106,2024-09-11,100110.00,M-Pesa,RCT-000000158,True
2024-12-15 10:00:00,seed_generator,2024-12-15 10:00:00,seed_generator,PM0000159,,PO0000038,2025-07-29,81172.00,Cash,RCT-000000159,True
2024-03-10 10:00:00,seed_generator,2024-03-28 10:00:00,seed_generator,PM0000160,,PO0000100,2025-08-03,16509.00,M-Pesa,RCT-000000160,True
2025-05-28 10:00:00,seed_generator,2025-06-06 10:00:00,seed_generator,PM0000161,,PO0000102,2024-07-28,193438.00,Bank Transfer,RCT-000000161,True
2023-08-02 10:00:00,seed_generator,2023-08-19 10:00:00,seed_generator,PM0000162,,PO0000174,2024-09-05,10634.00,Bank Transfer,RCT-000000162,True
2025-09-04 10:00:00,seed_generator,2025-09-04 10:00:00,seed_generator,PM0000163,,PO0000135,2025-09-26,104332.00,M-Pesa,RCT-000000163,True
2025-05-15 10:00:00,seed_generator,2025-05-24 10:00:00,seed_generator,PM0000164,,PO0000174,2024-12-03,217202.00,Card,RCT-000000164,True
2025-06-24 10:00:00,seed_generator,2025-07-24 10:00:00,seed_generator,PM0000165,,PO0000339,2026-08-24,236122.00,Cash,RCT-000000165,True
2025-10-11 10:00:00,seed_generator,2025-10-14 10:00:00,seed_generator,PM0000166,CL0000034,PO0000365,2024-07-08,55248.00,Cheque,RCT-000000166,True
2024-01-05 10:00:00,seed_generator,2024-01-16 10:00:00,seed_generator,PM0000167,,PO0000194,2025-04-29,171761.00,Bank Transfer,RCT-000000167,True
2023-10-27 10:00:00,seed_generator,2023-11-15 10:00:00,seed_generator,PM0000168,,PO0000024,2025-02-19,82118.00,Bank Transfer,RCT-000000168,True
2025-04-07 10:00:00,seed_generator,2025-04-08 10:00:00,seed_generator,PM0000169,,PO0000168,2025-08-26,233812.00,Bank Transfer,RCT-000000169,True
2024-04-27 10:00:00,seed_generator,2024-05-25 10:00:00,seed_generator,PM0000170,,PO0000261,2024-07-18,210695.00,Cash,RCT-000000170,True
2024-03-27 10:00:00,seed_generator,2024-03-29 10:00:00,seed_generator,PM0000171,,PO0000340,2024-09-29,201950.00,Cheque,RCT-000000171,True
2024-07-24 10:00:00,seed_generator,2024-08-09 10:00:00,seed_generator,PM0000172,,PO0000192,2025-05-31,191774.00,Card,RCT-000000172,True
2024-01-05 10:00:00,seed_generator,2024-01-20 10:00:00,seed_generator,PM0000173,,PO0000270,2025-02-22,129192.00,Card,RCT-000000173,True
2024-11-01 10:00:00,seed_generator,2024-11-21 10:00:00,seed_generator,PM0000174,,PO0000298,2026-03-25,175324.00,M-Pesa,RCT-000000174,True
2025-05-06 10:00:00,seed_generator,2025-06-03 10:00:00,seed_generator,PM0000175,,PO0000107,2024-08-31,108782.00,Bank Transfer,RCT-000000175,True
2024-10-07 10:00:00,seed_generator,2024-11-04 10:00:00,seed_generator,PM0000176,,PO0000157,2025-06-06,225838.00,Card,RCT-000000176,True
2024-06-01 10:00:00,seed_generator,2024-06-03 10:00:00,seed_generator,PM0000177,CL0000022,PO0000131,2024-08-06,121524.00,Cheque,RCT-000000177,True
2025-04-25 10:00:00,seed_generator,2025-05-13 10:00:00,seed_generator,PM0000178,CL0000132,PO0000181,2026-04-16,93178.00,Cash,RCT-000000178,True
2024-08-25 10:00:00,seed_generator,2024-09-07 10:00:00,seed_generator,PM0000179,,PO0000231,2025-01-06,88105.00,Card,RCT-000000179,True
2025-11-21 10:00:00,seed_generator,2025-11-26 10:00:00,seed_generator,PM0000180,,PO0000196,2025-09-02,174175.00,M-Pesa,RCT-000000180,True
2025-09-23 10:00:00,seed_generator,2025-10-02 10:00:00,seed_generator,PM0000181,,PO0000184,2025-06-22,148301.00,M-Pesa,RCT-000000181,True
2025-04-27 10:00:00,seed_generator,2025-04-30 10:00:00,seed_generator,PM0000182,CL0000093,PO0000142,2025-08-20,148137.00,Bank Transfer,RCT-000000182,True
2025-05-29 10:00:00,seed_generator,2025-06-19 10:00:00,seed_generator,PM0000183,,PO0000171,2026-01-26,200352.00,Card,RCT-000000183,True
2023-12-25 10:00:00,seed_generator,2024-01-13 10:00:00,seed_generator,PM0000184,,PO0000098,2026-04-25,244175.00,Card,RCT-000000184,True
2023-10-20 10:00:00,seed_generator,2023-10-29 10:00:00,seed_generator,PM0000185,,PO0000005,2024-07-13,210292.00,Cash,RCT-000000185,True
2023-08-28 10:00:00,seed_generator,2023-09-15 10:00:00,seed_generator,PM0000186,,PO0000208,2025-11-07,128733.00,Cheque,RCT-000000186,True
2025-07-17 10:00:00,seed_generator,2025-08-13 10:00:00,seed_generator,PM0000187,,PO0000390,2025-12-02,194618.00,Bank Transfer,RCT-000000187,True
2025-04-21 10:00:00,seed_generator,2025-05-07 10:00:00,seed_generator,PM0000188,,PO0000243,2025-07-29,203605.00,Cash,RCT-000000188,True
2023-09-05 10:00:00,seed_generator,2023-09-19 10:00:00,seed_generator,PM0000189,,PO0000370,2025-10-19,87070.00,Bank Transfer,RCT-000000189,True
2023-10-20 10:00:00,seed_generator,2023-11-19 10:00:00,seed_generator,PM0000190,,PO0000220,2026-03-13,119997.00,Cash,RCT-000000190,True
2025-11-16 10:00:00,seed_generator,2025-11-27 10:00:00,seed_generator,PM0000191,CL0000033,PO0000286,2026-04-06,198411.00,M-Pesa,RCT-000000191,True
2023-09-09 10:00:00,seed_generator,2023-09-30 10:00:00,seed_generator,PM0000192,,PO0000256,2025-02-24,64111.00,Cash,RCT-000000192,True
2024-01-14 10:00:00,seed_generator,2024-02-07 10:00:00,seed_generator,PM0000193,,PO0000218,2026-02-03,145929.00,Card,RCT-000000193,True
2024-04-24 10:00:00,seed_generator,2024-04-24 10:00:00,seed_generator,PM0000194,,PO0000167,2025-06-15,246734.00,Bank Transfer,RCT-000000194,True
2025-01-12 10:00:00,seed_generator,2025-01-30 10:00:00,seed_generator,PM0000195,,PO0000079,2026-07-28,244534.00,Cheque,RCT-000000195,True
2024-11-11 10:00:00,seed_generator,2024-11-23 10:00:00,seed_generator,PM0000196,,PO0000294,2025-11-25,21700.00,Cheque,RCT-000000196,True
2025-06-07 10:00:00,seed_generator,2025-06-22 10:00:00,seed_generator,PM0000197,CL0000146,PO0000198,2025-01-07,172510.00,Card,RCT-000000197,True
2025-06-24 10:00:00,seed_generator,2025-06-27 10:00:00,seed_generator,PM0000198,,PO0000048,2025-03-09,13404.00,Cheque,RCT-000000198,True
2025-11-19 10:00:00,seed_generator,2025-11-24 10:00:00,seed_generator,PM0000199,,PO0000251,2025-06-20,79401.00,Bank Transfer,RCT-000000199,True
2025-02-21 10:00:00,seed_generator,2025-03-14 10:00:00,seed_generator,PM0000200,,PO0000120,2026-01-06,20061.00,Card,RCT-000000200,True
2025-12-05 10:00:00,seed_generator,2025-12-10 10:00:00,seed_generator,PM0000201,,PO0000266,2025-01-06,107525.00,Bank Transfer,RCT-000000201,True
2025-08-06 10:00:00,seed_generator,2025-08-23 10:00:00,seed_generator,PM0000202,,PO0000057,2024-02-16,106972.00,Bank Transfer,RCT-000000202,True
2025-05-20 10:00:00,seed_generator,2025-05-29 10:00:00,seed_generator,PM0000203,,PO0000067,2026-08-10,129460.00,Bank Transfer,RCT-000000203,True
2024-05-07 10:00:00,seed_generator,2024-06-06 10:00:00,seed_generator,PM0000204,,PO0000310,2026-02-14,136720.00,Cash,RCT-000000204,True
2025-05-24 10:00:00,seed_generator,2025-05-24 10:00:00,seed_generator,PM0000205,,PO0000142,2026-03-17,21769.00,Cash,RCT-000000205,True
2023-09-12 10:00:00,seed_generator,2023-09-19 10:00:00,seed_generator,PM0000206,,PO0000310,2026-08-21,235487.00,Cash,RCT-000000206,True
2024-08-30 10:00:00,seed_generator,2024-09-17 10:00:00,seed_generator,PM0000207,CL0000024,PO0000236,2025-08-14,174423.00,Cash,RCT-000000207,True
2023-12-30 10:00:00,seed_generator,2024-01-25 10:00:00,seed_generator,PM0000208,,PO0000178,2025-11-12,107521.00,Cheque,RCT-000000208,True
2024-10-17 10:00:00,seed_generator,2024-10-24 10:00:00,seed_generator,PM0000209,,PO0000090,2025-02-16,197215.00,Cash,RCT-000000209,True
2024-11-18 10:00:00,seed_generator,2024-12-17 10:00:00,seed_generator,PM0000210,,PO0000235,2026-10-29,154059.00,M-Pesa,RCT-000000210,True
2024-01-01 10:00:00,seed_generator,2024-01-31 10:00:00,seed_generator,PM0000211,CL0000041,PO0000202,2025-11-15,236356.00,Cheque,RCT-000000211,True
2024-02-03 10:00:00,seed_generator,2024-03-03 10:00:00,seed_generator,PM0000212,CL0000056,PO0000150,2025-02-01,112814.00,Cheque,RCT-000000212,True
2024-12-04 10:00:00,seed_generator,2024-12-06 10:00:00,seed_generator,PM0000213,,PO0000063,2026-04-12,205943.00,Card,RCT-000000213,True
2024-09-11 10:00:00,seed_generator,2024-09-16 10:00:00,seed_generator,PM0000214,,PO0000210,2025-06-20,16700.00,Cash,RCT-000000214,True
2025-10-03 10:00:00,seed_generator,2025-10-23 10:00:00,seed_generator,PM0000215,,PO0000014,2025-03-05,104917.00,Card,RCT-000000215,True
2024-11-03 10:00:00,seed_generator,2024-11-30 10:00:00,seed_generator,PM0000216,,PO0000382,2024-05-06,7814.00,Card,RCT-000000216,True
2023-12-21 10:00:00,seed_generator,2024-01-19 10:00:00,seed_generator,PM0000217,CL0000172,PO0000059,2026-01-02,132076.00,Cash,RCT-000000217,True
2025-09-23 10:00:00,seed_generator,2025-10-10 10:00:00,seed_generator,PM0000218,,PO0000035,2026-03-16,41767.00,Cash,RCT-000000218,True
2023-08-08 10:00:00,seed_generator,2023-08-13 10:00:00,seed_generator,PM0000219,,PO0000143,2024-04-12,164118.00,M-Pesa,RCT-000000219,True
2025-02-18 10:00:00,seed_generator,2025-02-21 10:00:00,seed_generator,PM0000220,,PO0000091,2025-08-29,49159.00,M-Pesa,RCT-000000220,True
2023-10-27 10:00:00,seed_generator,2023-10-27 10:00:00,seed_generator,PM0000221,,PO0000344,2025-09-07,120515.00,Card,RCT-000000221,True
2025-05-09 10:00:00,seed_generator,2025-05-31 10:00:00,seed_generator,PM0000222,CL0000173,PO0000092,2025-05-06,61666.00,Cash,RCT-000000222,True
2025-10-29 10:00:00,seed_generator,2025-11-24 10:00:00,seed_generator,PM0000223,,PO0000357,2025-05-21,173037.00,M-Pesa,RCT-000000223,True
2024-01-10 10:00:00,seed_generator,2024-01-19 10:00:00,seed_generator,PM0000224,,PO0000200,2026-06-16,6223.00,M-Pesa,RCT-000000224,True
2024-11-25 10:00:00,seed_generator,2024-12-19 10:00:00,seed_generator,PM0000225,,PO0000396,2025-07-24,103210.00,Bank Transfer,RCT-000000225,True
2025-09-14 10:00:00,seed_generator,2025-09-14 10:00:00,seed_generator,PM0000226,,PO0000103,2025-06-10,93373.00,Bank Transfer,RCT-000000226,True
2024-01-31 10:00:00,seed_generator,2024-02-02 10:00:00,seed_generator,PM0000227,,PO0000349,2025-05-17,213908.00,Bank Transfer,RCT-000000227,True
2025-06-28 10:00:00,seed_generator,2025-06-29 10:00:00,seed_generator,PM0000228,,PO0000371,2025-03-07,218811.00,Card,RCT-000000228,True
2024-05-20 10:00:00,seed_generator,2024-06-09 10:00:00,seed_generator,PM0000229,,PO0000166,2025-08-16,249928.00,Cheque,RCT-000000229,True
2024-10-04 10:00:00,seed_generator,2024-10-07 10:00:00,seed_generator,PM0000230,,PO0000203,2024-07-06,98474.00,Card,RCT-000000230,True
2025-12-01 10:00:00,seed_generator,2025-12-13 10:00:00,seed_generator,PM0000231,,PO0000089,2025-04-19,107022.00,Bank Transfer,RCT-000000231,True
2025-05-05 10:00:00,seed_generator,2025-05-07 10:00:00,seed_generator,PM0000232,,PO0000235,2026-03-28,175379.00,Cheque,RCT-000000232,True
2025-11-02 10:00:00,seed_generator,2025-11-04 10:00:00,seed_generator,PM0000233,,PO0000189,2026-06-01,84045.00,Cheque,RCT-000000233,True
2025-09-03 10:00:00,seed_generator,2025-09-25 10:00:00,seed_generator,PM0000234,,PO0000256,2025-06-22,49946.00,Card,RCT-000000234,True
2024-04-11 10:00:00,seed_generator,2024-04-21 10:00:00,seed_generator,PM0000235,,PO0000049,2026-04-27,106860.00,Bank Transfer,RCT-000000235,True
2025-06-20 10:00:00,seed_generator,2025-07-10 10:00:00,seed_generator,PM0000236,,PO0000171,2026-08-12,88353.00,Cash,RCT-000000236,True
2025-01-07 10:00:00,seed_generator,2025-01-07 10:00:00,seed_generator,PM0000237,,PO0000035,2026-05-30,122679.00,Cash,RCT-000000237,True
2024-03-01 10:00:00,seed_generator,2024-03-24 10:00:00,seed_generator,PM0000238,,PO0000262,2026-05-22,189714.00,M-Pesa,RCT-000000238,True
2025-11-25 10:00:00,seed_generator,2025-12-14 10:00:00,seed_generator,PM0000239,,PO0000120,2025-07-21,85962.00,Bank Transfer,RCT-000000239,True
2024-10-04 10:00:00,seed_generator,2024-10-28 10:00:00,seed_generator,PM0000240,,PO0000378,2025-09-04,20708.00,Bank Transfer,RCT-000000240,True
2024-07-24 10:00:00,seed_generator,2024-08-02 10:00:00,seed_generator,PM0000241,,PO0000192,2025-06-28,58578.00,M-Pesa,RCT-000000241,True
2023-12-05 10:00:00,seed_generator,2023-12-24 10:00:00,seed_generator,PM0000242,,PO0000122,2024-10-31,198791.00,Card,RCT-000000242,True
2025-03-07 10:00:00,seed_generator,2025-03-17 10:00:00,seed_generator,PM0000243,,PO0000069,2024-12-07,141543.00,Cash,RCT-000000243,True
2023-09-06 10:00:00,seed_generator,2023-09-15 10:00:00,seed_generator,PM0000244,,PO0000332,2025-11-17,227018.00,Card,RCT-000000244,True
2025-04-12 10:00:00,seed_generator,2025-04-18 10:00:00,seed_generator,PM0000245,,PO0000176,2025-09-20,70100.00,Bank Transfer,RCT-000000245,True
2024-11-21 10:00:00,seed_generator,2024-12-07 10:00:00,seed_generator,PM0000246,,PO0000312,2025-04-09,170093.00,M-Pesa,RCT-000000246,True
2024-07-31 10:00:00,seed_generator,2024-08-02 10:00:00,seed_generator,PM0000247,,PO0000034,2024-08-27,171295.00,Bank Transfer,RCT-000000247,True
2025-08-10 10:00:00,seed_generator,2025-08-12 10:00:00,seed_generator,PM0000248,,PO0000105,2026-04-11,222899.00,Bank Transfer,RCT-000000248,True
2024-07-15 10:00:00,seed_generator,2024-07-17 10:00:00,seed_generator,PM0000249,,PO0000121,2025-10-24,86648.00,Bank Transfer,RCT-000000249,True
2025-05-28 10:00:00,seed_generator,2025-06-04 10:00:00,seed_generator,PM0000250,,PO0000370,2026-07-13,70265.00,Card,RCT-000000250,True
2024-05-05 10:00:00,seed_generator,2024-05-19 10:00:00,seed_generator,PM0000251,,PO0000147,2026-02-07,76266.00,Cash,RCT-000000251,True
2024-12-13 10:00:00,seed_generator,2024-12-25 10:00:00,seed_generator,PM0000252,,PO0000041,2025-07-11,120704.00,Cash,RCT-000000252,True
2024-04-01 10:00:00,seed_generator,2024-04-24 10:00:00,seed_generator,PM0000253,,PO0000259,2025-08-29,219854.00,Cash,RCT-000000253,True
2023-10-28 10:00:00,seed_generator,2023-11-09 10:00:00,seed_generator,PM0000254,,PO0000011,2025-06-11,203930.00,Card,RCT-000000254,True
2024-06-14 10:00:00,seed_generator,2024-06-18 10:00:00,seed_generator,PM0000255,,PO0000305,2025-08-07,72447.00,Cash,RCT-000000255,True
2025-02-06 10:00:00,seed_generator,2025-02-20 10:00:00,seed_generator,PM0000256,,PO0000238,2025-06-26,163865.00,Cash,RCT-000000256,True
2025-01-09 10:00:00,seed_generator,2025-01-13 10:00:00,seed_generator,PM0000257,,PO0000037,2025-12-30,45560.00,Bank Transfer,RCT-000000257,True
2025-12-03 10:00:00,seed_generator,2025-12-30 10:00:00,seed_generator,PM0000258,,PO0000003,2024-07-14,133831.00,Cash,RCT-000000258,True
2024-11-07 10:00:00,seed_generator,2024-11-30 10:00:00,seed_generator,PM0000259,,PO0000213,2026-01-13,85690.00,Cheque,RCT-000000259,True
2024-10-24 10:00:00,seed_generator,2024-11-21 10:00:00,seed_generator,PM0000260,CL0000032,PO0000037,2026-04-06,249352.00,Cheque,RCT-000000260,True
2025-06-01 10:00:00,seed_generator,2025-06-25 10:00:00,seed_generator,PM0000261,,PO0000084,2025-06-27,207183.00,Card,RCT-000000261,True
2023-12-21 10:00:00,seed_generator,2024-01-05 10:00:00,seed_generator,PM0000262,,PO0000261,2024-12-12,187571.00,M-Pesa,RCT-000000262,True
2024-11-17 10:00:00,seed_generator,2024-12-16 10:00:00,seed_generator,PM0000263,,PO0000334,2025-01-18,68531.00,Cash,RCT-000000263,True
2023-09-06 10:00:00,seed_generator,2023-09-17 10:00:00,seed_generator,PM0000264,,PO0000018,2025-03-23,12407.00,Bank Transfer,RCT-000000264,True
2024-04-06 10:00:00,seed_generator,2024-04-20 10:00:00,seed_generator,PM0000265,,PO0000134,2025-06-16,71660.00,Bank Transfer,RCT-000000265,True
2024-05-03 10:00:00,seed_generator,2024-06-02 10:00:00,seed_generator,PM0000266,,PO0000309,2024-05-28,8234.00,M-Pesa,RCT-000000266,True
2025-09-13 10:00:00,seed_generator,2025-10-03 10:00:00,seed_generator,PM0000267,,PO0000395,2024-12-19,109245.00,Cheque,RCT-000000267,True
2024-07-04 10:00:00,seed_generator,2024-08-02 10:00:00,seed_generator,PM0000268,,PO0000042,2026-02-26,48469.00,Cash,RCT-000000268,True
2024-01-08 10:00:00,seed_generator,2024-01-17 10:00:00,seed_generator,PM0000269,,PO0000130,2025-04-20,177618.00,Cash,RCT-000000269,True
2025-02-04 10:00:00,seed_generator,2025-02-27 10:00:00,seed_generator,PM0000270,,PO0000301,2024-10-11,33645.00,Cheque,RCT-000000270,True
2023-09-22 10:00:00,seed_generator,2023-10-03 10:00:00,seed_generator,PM0000271,,PO0000398,2025-09-22,201275.00,Bank Transfer,RCT-000000271,True
2024-11-04 10:00:00,seed_generator,2024-11-26 10:00:00,seed_generator,PM0000272,,PO0000384,2025-05-24,219011.00,Cash,RCT-000000272,True
2025-09-08 10:00:00,seed_generator,2025-09-10 10:00:00,seed_generator,PM0000273,,PO0000001,2025-08-20,142615.00,Cash,RCT-000000273,True
2025-02-24 10:00:00,seed_generator,2025-03-19 10:00:00,seed_generator,PM0000274,,PO0000336,2025-10-26,103212.00,Bank Transfer,RCT-000000274,True
2025-08-01 10:00:00,seed_generator,2025-08-07 10:00:00,seed_generator,PM0000275,,PO0000361,2026-07-28,33898.00,Cash,RCT-000000275,True
2023-09-05 10:00:00,seed_generator,2023-09-11 10:00:00,seed_generator,PM0000276,,PO0000291,2024-10-07,201585.00,Bank Transfer,RCT-000000276,True
2025-06-03 10:00:00,seed_generator,2025-06-11 10:00:00,seed_generator,PM0000277,,PO0000389,2024-12-17,120534.00,Cheque,RCT-000000277,True
2024-03-05 10:00:00,seed_generator,2024-03-10 10:00:00,seed_generator,PM0000278,CL0000022,PO0000056,2024-08-27,37684.00,Card,RCT-000000278,True
2024-12-31 10:00:00,seed_generator,2024-12-31 10:00:00,seed_generator,PM0000279,,PO0000033,2026-08-03,132190.00,M-Pesa,RCT-000000279,True
2025-10-15 10:00:00,seed_generator,2025-10-23 10:00:00,seed_generator,PM0000280,,PO0000005,2024-01-21,179410.00,Cheque,RCT-000000280,True
2025-09-08 10:00:00,seed_generator,2025-09-14 10:00:00,seed_generator,PM0000281,,PO0000022,2024-06-25,103478.00,Cheque,RCT-000000281,True
2023-10-29 10:00:00,seed_generator,2023-11-06 10:00:00,seed_generator,PM0000282,,PO0000267,2025-07-02,203419.00,Card,RCT-000000282,True
2024-10-03 10:00:00,seed_generator,2024-10-13 10:00:00,seed_generator,PM0000283,,PO0000310,2026-04-27,87634.00,Bank Transfer,RCT-000000283,True
2024-02-04 10:00:00,seed_generator,2024-02-16 10:00:00,seed_generator,PM0000284,,PO0000185,2024-02-08,98330.00,Card,RCT-000000284,True
2025-12-13 10:00:00,seed_generator,2025-12-27 10:00:00,seed_generator,PM0000285,,PO0000052,2025-10-16,195112.00,Bank Transfer,RCT-000000285,True
2024-04-09 10:00:00,seed_generator,2024-04-12 10:00:00,seed_generator,PM0000286,,PO0000014,2024-12-02,188308.00,Bank Transfer,RCT-000000286,True
2024-09-10 10:00:00,seed_generator,2024-09-29 10:00:00,seed_generator,PM0000287,,PO0000189,2026-07-04,139981.00,Cash,RCT-000000287,True
2025-06-07 10:00:00,seed_generator,2025-06-07 10:00:00,seed_generator,PM0000288,,PO0000339,2026-03-22,9359.00,Card,RCT-000000288,True
2023-09-12 10:00:00,seed_generator,2023-10-05 10:00:00,seed_generator,PM0000289,,PO0000024,2025-01-03,66225.00,Cheque,RCT-000000289,True
2024-11-02 10:00:00,seed_generator,2024-11-25 10:00:00,seed_generator,PM0000290,,PO0000249,2024-08-28,96313.00,Cash,RCT-000000290,True
2024-02-11 10:00:00,seed_generator,2024-03-09 10:00:00,seed_generator,PM0000291,,PO0000244,2026-01-08,197486.00,Cash,RCT-000000291,True
2024-04-04 10:00:00,seed_generator,2024-04-10 10:00:00,seed_generator,PM0000292,,PO0000151,2026-08-11,234699.00,Cheque,RCT-000000292,True
2024-07-18 10:00:00,seed_generator,2024-07-19 10:00:00,seed_generator,PM0000293,CL0000023,PO0000367,2026-03-26,223196.00,Cheque,RCT-000000293,True
2025-06-27 10:00:00,seed_generator,2025-07-25 10:00:00,seed_generator,PM0000294,,PO0000240,2025-12-08,131397.00,Cheque,RCT-000000294,True
2025-04-11 10:00:00,seed_generator,2025-04-17 10:00:00,seed_generator,PM0000295,,PO0000124,2025-04-22,188476.00,M-Pesa,RCT-000000295,True
2024-09-27 10:00:00,seed_generator,2024-10-19 10:00:00,seed_generator,PM0000296,CL0000084,PO0000055,2026-03-16,205883.00,Card,RCT-000000296,True
2023-12-11 10:00:00,seed_generator,2023-12-19 10:00:00,seed_generator,PM0000297,,PO0000113,2025-06-11,37269.00,Bank Transfer,RCT-000000297,True
2024-03-08 10:00:00,seed_generator,2024-03-31 10:00:00,seed_generator,PM0000298,,PO0000274,2025-05-26,92241.00,Bank Transfer,RCT-000000298,True
2023-10-24 10:00:00,seed_generator,2023-11-22 10:00:00,seed_generator,PM0000299,,PO0000295,2026-08-26,94974.00,Cash,RCT-000000299,True
2023-11-17 10:00:00,seed_generator,2023-12-10 10:00:00,seed_generator,PM0000300,,PO0000368,2025-12-02,173323.00,Cheque,RCT-000000300,True
2023-09-11 10:00:00,seed_generator,2023-09-18 10:00:00,seed_generator,PM0000301,,PO0000224,2026-01-09,81277.00,M-Pesa,RCT-000000301,True
2025-09-16 10:00:00,seed_generator,2025-09-26 10:00:00,seed_generator,PM0000302,,PO0000058,2025-07-07,200197.00,M-Pesa,RCT-000000302,True
2024-12-05 10:00:00,seed_generator,2024-12-09 10:00:00,seed_generator,PM0000303,,PO0000294,2025-11-19,156235.00,M-Pesa,RCT-000000303,True
2025-10-14 10:00:00,seed_generator,2025-11-01 10:00:00,seed_generator,PM0000304,,PO0000160,2024-10-15,116070.00,Card,RCT-000000304,True
2024-12-08 10:00:00,seed_generator,2025-01-02 10:00:00,seed_generator,PM0000305,,PO0000395,2024-08-09,141249.00,Cheque,RCT-000000305,True
2025-05-03 10:00:00,seed_generator,2025-05-06 10:00:00,seed_generator,PM0000306,,PO0000303,2025-10-08,228441.00,Cash,RCT-000000306,True
2025-07-21 10:00:00,seed_generator,2025-08-16 10:00:00,seed_generator,PM0000307,,PO0000162,2026-02-28,136028.00,Cash,RCT-000000307,True
2024-04-10 10:00:00,seed_generator,2024-04-19 10:00:00,seed_generator,PM0000308,CL0000171,PO0000076,2025-02-06,14003.00,Cheque,RCT-000000308,True
2025-02-03 10:00:00,seed_generator,2025-02-19 10:00:00,seed_generator,PM0000309,,PO0000164,2024-05-07,76683.00,Cheque,RCT-000000309,True
2024-03-10 10:00:00,seed_generator,2024-04-05 10:00:00,seed_generator,PM0000310,,PO0000245,2025-03-28,189586.00,Cash,RCT-000000310,True
2023-09-09 10:00:00,seed_generator,2023-09-19 10:00:00,seed_generator,PM0000311,,PO0000031,2025-09-11,227316.00,Bank Transfer,RCT-000000311,True
2023-11-24 10:00:00,seed_generator,2023-11-25 10:00:00,seed_generator,PM0000312,,PO0000359,2025-10-10,229599.00,Cash,RCT-000000312,True
2024-11-10 10:00:00,seed_generator,2024-11-19 10:00:00,seed_generator,PM0000313,,PO0000373,2025-06-16,244173.00,Bank Transfer,RCT-000000313,True
2024-06-03 10:00:00,seed_generator,2024-06-15 10:00:00,seed_generator,PM0000314,,PO0000012,2026-02-13,129104.00,Card,RCT-000000314,True
2024-11-11 10:00:00,seed_generator,2024-11-23 10:00:00,seed_generator,PM0000315,CL0000073,PO0000388,2025-10-30,187550.00,Bank Transfer,RCT-000000315,True
2024-06-03 10:00:00,seed_generator,2024-06-15 10:00:00,seed_generator,PM0000316,CL0000083,PO0000359,2026-05-04,231978.00,M-Pesa,RCT-000000316,True
2025-02-08 10:00:00,seed_generator,2025-02-22 10:00:00,seed_generator,PM0000317,,PO0000364,2025-12-02,41060.00,Cash,RCT-000000317,True
2024-08-09 10:00:00,seed_generator,2024-08-18 10:00:00,seed_generator,PM0000318,,PO0000357,2024-12-12,62183.00,Bank Transfer,RCT-000000318,True
2024-02-19 10:00:00,seed_generator,2024-02-19 10:00:00,seed_generator,PM0000319,,PO0000377,2024-11-04,31725.00,Bank Transfer,RCT-000000319,True
2024-10-05 10:00:00,seed_generator,2024-10-26 10:00:00,seed_generator,PM0000320,,PO0000193,2024-12-02,30178.00,Card,RCT-000000320,True
2025-06-16 10:00:00,seed_generator,2025-07-16 10:00:00,seed_generator,PM0000321,CL0000132,PO0000243,2025-09-17,93732.00,Cheque,RCT-000000321,True
2025-07-17 10:00:00,seed_generator,2025-08-06 10:00:00,seed_generator,PM0000322,,PO0000223,2025-10-23,13911.00,M-Pesa,RCT-000000322,True
2024-11-05 10:00:00,seed_generator,2024-11-20 10:00:00,seed_generator,PM0000323,,PO0000124,2025-03-21,50216.00,Cash,RCT-000000323,True
2024-01-08 10:00:00,seed_generator,2024-02-02 10:00:00,seed_generator,PM0000324,,PO0000398,2025-06-22,208877.00,Cash,RCT-000000324,True
2024-11-20 10:00:00,seed_generator,2024-11-28 10:00:00,seed_generator,PM0000325,,PO0000333,2025-10-21,101291.00,M-Pesa,RCT-000000325,True
2025-08-19 10:00:00,seed_generator,2025-08-21 10:00:00,seed_generator,PM0000326,CL0000165,PO0000062,2026-11-02,243152.00,Cheque,RCT-000000326,True
2025-11-23 10:00:00,seed_generator,2025-12-11 10:00:00,seed_generator,PM0000327,,PO0000116,2025-01-17,130697.00,Card,RCT-000000327,True
2023-11-14 10:00:00,seed_generator,2023-11-17 10:00:00,seed_generator,PM0000328,,PO0000356,2025-10-02,105652.00,Cash,RCT-000000328,True
2023-12-28 10:00:00,seed_generator,2024-01-10 10:00:00,seed_generator,PM0000329,,PO0000331,2024-09-06,31067.00,Card,RCT-000000329,True
2023-12-17 10:00:00,seed_generator,2024-01-15 10:00:00,seed_generator,PM0000330,,PO0000033,2026-09-03,53467.00,Cash,RCT-000000330,True
2025-11-26 10:00:00,seed_generator,2025-12-08 10:00:00,seed_generator,PM0000331,,PO0000359,2026-04-11,210383.00,Cheque,RCT-000000331,True
2025-10-12 10:00:00,seed_generator,2025-10-28 10:00:00,seed_generator,PM0000332,,PO0000251,2025-09-06,192105.00,M-Pesa,RCT-000000332,True
2023-11-06 10:00:00,seed_generator,2023-11-12 10:00:00,seed_generator,PM0000333,,PO0000386,2024-03-02,52360.00,Cheque,RCT-000000333,True
2025-06-15 10:00:00,seed_generator,2025-06-15 10:00:00,seed_generator,PM0000334,,PO0000356,2025-12-09,37255.00,M-Pesa,RCT-000000334,True
2024-05-07 10:00:00,seed_generator,2024-05-13 10:00:00,seed_generator,PM0000335,,PO0000066,2025-02-23,152455.00,Card,RCT-000000335,True
2025-11-11 10:00:00,seed_generator,2025-11-13 10:00:00,seed_generator,PM0000336,,PO0000386,2024-09-17,83270.00,Card,RCT-000000336,True
2025-06-24 10:00:00,seed_generator,2025-07-07 10:00:00,seed_generator,PM0000337,,PO0000279,2025-01-09,5022.00,Bank Transfer,RCT-000000337,True
2025-10-30 10:00:00,seed_generator,2025-11-29 10:00:00,seed_generator,PM0000338,,PO0000154,2026-03-28,177794.00,Cheque,RCT-000000338,True
2025-07-26 10:00:00,seed_generator,2025-08-13 10:00:00,seed_generator,PM0000339,,PO0000228,2024-09-23,142013.00,Card,RCT-000000339,True
2024-06-13 10:00:00,seed_generator,2024-06-29 10:00:00,seed_generator,PM0000340,,PO0000311,2024-09-14,178701.00,M-Pesa,RCT-000000340,True
2025-11-09 10:00:00,seed_generator,2025-11-15 10:00:00,seed_generator,PM0000341,CL0000056,PO0000122,2024-05-25,162848.00,Cheque,RCT-000000341,True
2024-04-20 10:00:00,seed_generator,2024-05-01 10:00:00,seed_generator,PM0000342,,PO0000111,2025-11-26,115628.00,M-Pesa,RCT-000000342,True
2025-03-30 10:00:00,seed_generator,2025-04-07 10:00:00,seed_generator,PM0000343,,PO0000282,2025-06-24,109873.00,Cash,RCT-000000343,True
2025-03-31 10:00:00,seed_generator,2025-04-21 10:00:00,seed_generator,PM0000344,,PO0000043,2026-08-26,42550.00,Cheque,RCT-000000344,True
2025-10-05 10:00:00,seed_generator,2025-10-25 10:00:00,seed_generator,PM0000345,,PO0000105,2026-05-24,187662.00,Bank Transfer,RCT-000000345,True
2024-11-30 10:00:00,seed_generator,2024-12-18 10:00:00,seed_generator,PM0000346,,PO0000366,2025-09-18,163582.00,Bank Transfer,RCT-000000346,True
2023-08-28 10:00:00,seed_generator,2023-09-01 10:00:00,seed_generator,PM0000347,,PO0000215,2025-05-08,104337.00,M-Pesa,RCT-000000347,True
2025-04-07 10:00:00,seed_generator,2025-04-09 10:00:00,seed_generator,PM0000348,,PO0000310,2026-08-02,33833.00,Cheque,RCT-000000348,True
2025-10-10 10:00:00,seed_generator,2025-10-20 10:00:00,seed_generator,PM0000349,,PO0000209,2025-03-20,243353.00,Card,RCT-000000349,True
2025-03-12 10:00:00,seed_generator,2025-03-16 10:00:00,seed_generator,PM0000350,,PO0000399,2024-12-30,76734.00,M-Pesa,RCT-000000350,True
2024-11-25 10:00:00,seed_generator,2024-12-02 10:00:00,seed_generator,PM0000351,,PO0000051,2025-10-22,210188.00,M-Pesa,RCT-000000351,True
2024-06-25 10:00:00,seed_generator,2024-07-18 10:00:00,seed_generator,PM0000352,,PO0000090,2025-02-01,220310.00,Cash,RCT-000000352,True
2024-06-23 10:00:00,seed_generator,2024-07-04 10:00:00,seed_generator,PM0000353,,PO0000049,2025-09-27,149583.00,Card,RCT-000000353,True
2025-09-06 10:00:00,seed_generator,2025-10-04 10:00:00,seed_generator,PM0000354,CL0000082,PO0000312,2025-03-13,52362.00,Card,RCT-000000354,True
2024-01-22 10:00:00,seed_generator,2024-02-21 10:00:00,seed_generator,PM0000355,,PO0000380,2025-06-03,160875.00,Cash,RCT-000000355,True
2024-04-19 10:00:00,seed_generator,2024-04-23 10:00:00,seed_generator,PM0000356,,PO0000245,2025-10-16,139628.00,Bank Transfer,RCT-000000356,True
2025-08-09 10:00:00,seed_generator,2025-08-13 10:00:00,seed_generator,PM0000357,,PO0000337,2024-12-06,18858.00,Card,RCT-000000357,True
2023-10-12 10:00:00,seed_generator,2023-10-19 10:00:00,seed_generator,PM0000358,,PO0000363,2024-11-26,190279.00,Cash,RCT-000000358,True
2024-09-23 10:00:00,seed_generator,2024-10-04 10:00:00,seed_generator,PM0000359,,PO0000094,2024-12-28,80188.00,Card,RCT-000000359,True
2024-07-01 10:00:00,seed_generator,2024-07-31 10:00:00,seed_generator,PM0000360,,PO0000220,2026-03-23,85003.00,M-Pesa,RCT-000000360,True
2024-10-26 10:00:00,seed_generator,2024-11-19 10:00:00,seed_generator,PM0000361,,PO0000157,2025-05-03,171376.00,M-Pesa,RCT-000000361,True
2023-11-30 10:00:00,seed_generator,2023-12-07 10:00:00,seed_generator,PM0000362,,PO0000040,2025-04-19,155815.00,M-Pesa,RCT-000000362,True
2023-11-16 10:00:00,seed_generator,2023-11-25 10:00:00,seed_generator,PM0000363,,PO0000044,2026-04-05,216903.00,M-Pesa,RCT-000000363,True
2024-01-23 10:00:00,seed_generator,2024-02-08 10:00:00,seed_generator,PM0000364,,PO0000218,2025-04-25,130738.00,Cash,RCT-000000364,True
2024-01-15 10:00:00,seed_generator,2024-02-05 10:00:00,seed_generator,PM0000365,,PO0000264,2026-08-15,37687.00,Cash,RCT-000000365,True
2024-03-25 10:00:00,seed_generator,2024-03-31 10:00:00,seed_generator,PM0000366,,PO0000008,2024-11-09,192212.00,Cash,RCT-000000366,True
2024-06-17 10:00:00,seed_generator,2024-07-10 10:00:00,seed_generator,PM0000367,,PO0000360,2026-01-03,246292.00,Cheque,RCT-000000367,True
2024-04-02 10:00:00,seed_generator,2024-04-03 10:00:00,seed_generator,PM0000368,,PO0000351,2025-11-29,181821.00,Cheque,RCT-000000368,True
2025-06-20 10:00:00,seed_generator,2025-06-22 10:00:00,seed_generator,PM0000369,,PO0000116,2024-06-06,139659.00,Card,RCT-000000369,True
2024-10-10 10:00:00,seed_generator,2024-10-25 10:00:00,seed_generator,PM0000370,,PO0000027,2025-12-07,34683.00,Card,RCT-000000370,True
2025-04-05 10:00:00,seed_generator,2025-05-01 10:00:00,seed_generator,PM0000371,,PO0000348,2025-05-21,81038.00,Card,RCT-000000371,True
2025-02-19 10:00:00,seed_generator,2025-02-27 10:00:00,seed_generator,PM0000372,,PO0000248,2026-02-16,154118.00,Cash,RCT-000000372,True
2025-02-07 10:00:00,seed_generator,2025-03-08 10:00:00,seed_generator,PM0000373,,PO0000112,2024-11-28,140142.00,M-Pesa,RCT-000000373,True
2024-03-24 10:00:00,seed_generator,2024-04-20 10:00:00,seed_generator,PM0000374,,PO0000238,2025-03-13,6544.00,Cheque,RCT-000000374,True
2025-01-14 10:00:00,seed_generator,2025-01-23 10:00:00,seed_generator,PM0000375,,PO0000236,2025-03-22,96677.00,Bank Transfer,RCT-000000375,True
2024-12-18 10:00:00,seed_generator,2024-12-18 10:00:00,seed_generator,PM0000376,CL0000126,PO0000206,2024-05-04,27215.00,Cheque,RCT-000000376,True
2025-07-12 10:00:00,seed_generator,2025-07-25 10:00:00,seed_generator,PM0000377,CL0000125,PO0000264,2025-08-26,45797.00,Card,RCT-000000377,True
2024-08-22 10:00:00,seed_generator,2024-09-03 10:00:00,seed_generator,PM0000378,,PO0000116,2024-10-02,117287.00,Bank Transfer,RCT-000000378,True
2023-09-07 10:00:00,seed_generator,2023-09-15 10:00:00,seed_generator,PM0000379,CL0000113,PO0000275,2025-07-17,225032.00,Cash,RCT-000000379,True
2025-07-26 10:00:00,seed_generator,2025-08-06 10:00:00,seed_generator,PM0000380,,PO0000083,2025-10-12,99171.00,Bank Transfer,RCT-000000380,True
2025-06-05 10:00:00,seed_generator,2025-06-14 10:00:00,seed_generator,PM0000381,CL0000102,PO0000057,2024-08-14,200015.00,Card,RCT-000000381,True
2025-07-05 10:00:00,seed_generator,2025-07-26 10:00:00,seed_generator,PM0000382,,PO0000017,2025-12-24,179389.00,Card,RCT-000000382,True
2024-10-11 10:00:00,seed_generator,2024-10-26 10:00:00,seed_generator,PM0000383,,PO0000061,2026-03-24,192254.00,Bank Transfer,RCT-000000383,True
2023-11-08 10:00:00,seed_generator,2023-12-02 10:00:00,seed_generator,PM0000384,,PO0000167,2025-12-20,136559.00,Cash,RCT-000000384,True
2025-08-26 10:00:00,seed_generator,2025-09-25 10:00:00,seed_generator,PM0000385,CL0000006,PO0000068,2024-08-29,45774.00,Card,RCT-000000385,True
2025-12-03 10:00:00,seed_generator,2025-12-27 10:00:00,seed_generator,PM0000386,,PO0000257,2024-05-23,182814.00,Card,RCT-000000386,True
2024-04-14 10:00:00,seed_generator,2024-05-07 10:00:00,seed_generator,PM0000387,CL0000123,PO0000220,2026-04-23,78983.00,Cash,RCT-000000387,True
2023-10-29 10:00:00,seed_generator,2023-11-11 10:00:00,seed_generator,PM0000388,,PO0000043,2025-11-22,196168.00,Cheque,RCT-000000388,True
2025-04-05 10:00:00,seed_generator,2025-04-13 10:00:00,seed_generator,PM0000389,,PO0000096,2025-07-10,188751.00,Bank Transfer,RCT-000000389,True
2023-08-29 10:00:00,seed_generator,2023-09-11 10:00:00,seed_generator,PM0000390,,PO0000342,2025-04-21,188800.00,Cheque,RCT-000000390,True
2025-06-14 10:00:00,seed_generator,2025-06-20 10:00:00,seed_generator,PM0000391,,PO0000313,2025-08-08,169864.00,Bank Transfer,RCT-000000391,True
2025-08-15 10:00:00,seed_generator,2025-08-19 10:00:00,seed_generator,PM0000392,,PO0000118,2024-10-22,55378.00,Bank Transfer,RCT-000000392,True
2025-11-28 10:00:00,seed_generator,2025-12-17 10:00:00,seed_generator,PM0000393,,PO0000219,2024-05-22,104707.00,Cash,RCT-000000393,True
2025-02-06 10:00:00,seed_generator,2025-02-28 10:00:00,seed_generator,PM0000394,,PO0000269,2024-11-30,63137.00,Card,RCT-000000394,True
2024-08-13 10:00:00,seed_generator,2024-08-14 10:00:00,seed_generator,PM0000395,,PO0000219,2025-03-21,18541.00,Card,RCT-000000395,True
2025-03-16 10:00:00,seed_generator,2025-03-27 10:00:00,seed_generator,PM0000396,,PO0000057,2024-07-09,191537.00,Cash,RCT-000000396,True
2025-01-23 10:00:00,seed_generator,2025-02-20 10:00:00,seed_generator,PM0000397,CL0000011,PO0000127,2024-04-04,18665.00,Card,RCT-000000397,True
2025-02-27 10:00:00,seed_generator,2025-03-14 10:00:00,seed_generator,PM0000398,,PO0000109,2025-03-07,31414.00,Cash,RCT-000000398,True
2025-04-02 10:00:00,seed_generator,2025-05-02 10:00:00,seed_generator,PM0000399,,PO0000095,2024-08-30,84785.00,M-Pesa,RCT-000000399,True
2024-01-31 10:00:00,seed_generator,2024-01-31 10:00:00,seed_generator,PM0000400,,PO0000050,2024-11-11,91825.00,Card,RCT-000000400,True
2023-09-09 10:00:00,seed_generator,2023-09-20 10:00:00,seed_generator,PM0000401,,PO0000380,2025-06-22,143638.00,Cheque,RCT-000000401,True
2025-04-17 10:00:00,seed_generator,2025-05-07 10:00:00,seed_generator,PM0000402,,PO0000191,2025-07-19,105676.00,M-Pesa,RCT-000000402,True
2025-08-05 10:00:00,seed_generator,2025-08-25 10:00:00,seed_generator,PM0000403,,PO0000055,2025-11-01,15758.00,Cheque,RCT-000000403,True
2023-09-01 10:00:00,seed_generator,2023-09-07 10:00:00,seed_generator,PM0000404,,PO0000336,2026-03-13,247614.00,M-Pesa,RCT-000000404,True
2024-06-05 10:00:00,seed_generator,2024-06-24 10:00:00,seed_generator,PM0000405,,PO0000039,2024-11-26,204488.00,Bank Transfer,RCT-000000405,True
2023-12-09 10:00:00,seed_generator,2023-12-13 10:00:00,seed_generator,PM0000406,CL0000050,PO0000274,2025-01-06,149309.00,Card,RCT-000000406,True
2023-08-03 10:00:00,seed_generator,2023-09-01 10:00:00,seed_generator,PM0000407,,PO0000389,2024-11-15,239596.00,Card,RCT-000000407,True
2024-03-12 10:00:00,seed_generator,2024-04-03 10:00:00,seed_generator,PM0000408,CL0000112,PO0000230,2025-05-15,131568.00,Cash,RCT-000000408,True
2024-07-19 10:00:00,seed_generator,2024-08-13 10:00:00,seed_generator,PM0000409,CL0000154,PO0000269,2024-12-22,187637.00,Bank Transfer,RCT-000000409,True
2025-10-31 10:00:00,seed_generator,2025-11-30 10:00:00,seed_generator,PM0000410,,PO0000149,2026-07-26,54857.00,Cash,RCT-000000410,True
2024-01-15 10:00:00,seed_generator,2024-02-01 10:00:00,seed_generator,PM0000411,,PO0000254,2025-03-28,48389.00,Cash,RCT-000000411,True
2024-07-13 10:00:00,seed_generator,2024-07-25 10:00:00,seed_generator,PM0000412,,PO0000385,2025-08-07,110080.00,Cheque,RCT-000000412,True
2025-05-19 10:00:00,seed_generator,2025-05-24 10:00:00,seed_generator,PM0000413,CL0000147,PO0000140,2024-06-18,160218.00,M-Pesa,RCT-000000413,True
2024-09-06 10:00:00,seed_generator,2024-09-22 10:00:00,seed_generator,PM0000414,,PO0000263,2025-08-15,72851.00,Card,RCT-000000414,True
2025-02-16 10:00:00,seed_generator,2025-03-10 10:00:00,seed_generator,PM0000415,,PO0000113,2024-09-01,49855.00,Bank Transfer,RCT-000000415,True
2024-06-18 10:00:00,seed_generator,2024-06-25 10:00:00,seed_generator,PM0000416,,PO0000024,2025-04-13,43833.00,Card,RCT-000000416,True
2025-03-15 10:00:00,seed_generator,2025-04-11 10:00:00,seed_generator,PM0000417,,PO0000069,2025-10-11,70275.00,Bank Transfer,RCT-000000417,True
2025-08-20 10:00:00,seed_generator,2025-08-20 10:00:00,seed_generator,PM0000418,,PO0000274,2025-04-25,163638.00,Card,RCT-000000418,True
2025-09-22 10:00:00,seed_generator,2025-10-22 10:00:00,seed_generator,PM0000419,,PO0000167,2026-03-07,74216.00,Bank Transfer,RCT-000000419,True
2024-03-30 10:00:00,seed_generator,2024-04-08 10:00:00,seed_generator,PM0000420,,PO0000210,2024-11-02,169090.00,M-Pesa,RCT-000000420,True
2025-05-06 10:00:00,seed_generator,2025-05-29 10:00:00,seed_generator,PM0000421,,PO0000183,2025-01-17,72105.00,M-Pesa,RCT-000000421,True
2024-02-12 10:00:00,seed_generator,2024-03-10 10:00:00,seed_generator,PM0000422,,PO0000276,2026-02-11,32903.00,Cash,RCT-000000422,True
2025-03-28 10:00:00,seed_generator,2025-04-24 10:00:00,seed_generator,PM0000423,,PO0000335,2025-07-24,149409.00,Bank Transfer,RCT-000000423,True
2025-05-05 10:00:00,seed_generator,2025-05-15 10:00:00,seed_generator,PM0000424,,PO0000227,2026-01-26,170098.00,Cash,RCT-000000424,True
2024-09-16 10:00:00,seed_generator,2024-09-23 10:00:00,seed_generator,PM0000425,,PO0000080,2026-04-14,101636.00,Bank Transfer,RCT-000000425,True
2025-09-12 10:00:00,seed_generator,2025-09-27 10:00:00,seed_generator,PM0000426,,PO0000246,2026-01-27,218804.00,Bank Transfer,RCT-000000426,True
2024-05-12 10:00:00,seed_generator,2024-05-27 10:00:00,seed_generator,PM0000427,,PO0000097,2025-11-27,174755.00,Card,RCT-000000427,True
2025-02-02 10:00:00,seed_generator,2025-02-07 10:00:00,seed_generator,PM0000428,,PO0000011,2025-11-17,185189.00,Cheque,RCT-000000428,True
2025-10-06 10:00:00,seed_generator,2025-10-10 10:00:00,seed_generator,PM0000429,CL0000063,PO0000097,2026-04-16,243323.00,Cash,RCT-000000429,True
2023-12-06 10:00:00,seed_generator,2023-12-22 10:00:00,seed_generator,PM0000430,CL0000004,PO0000052,2026-01-27,31143.00,Cash,RCT-000000430,True
2025-11-25 10:00:00,seed_generator,2025-11-28 10:00:00,seed_generator,PM0000431,,PO0000197,2025-06-13,16466.00,Bank Transfer,RCT-000000431,True
2023-10-20 10:00:00,seed_generator,2023-10-22 10:00:00,seed_generator,PM0000432,,PO0000128,2025-05-15,162191.00,M-Pesa,RCT-000000432,True
2023-09-28 10:00:00,seed_generator,2023-10-01 10:00:00,seed_generator,PM0000433,,PO0000005,2024-07-09,228535.00,M-Pesa,RCT-000000433,True
2025-07-27 10:00:00,seed_generator,2025-08-11 10:00:00,seed_generator,PM0000434,,PO0000104,2026-02-17,218769.00,Bank Transfer,RCT-000000434,True
2025-01-11 10:00:00,seed_generator,2025-01-26 10:00:00,seed_generator,PM0000435,,PO0000158,2024-08-11,147482.00,Card,RCT-000000435,True
2024-06-08 10:00:00,seed_generator,2024-06-11 10:00:00,seed_generator,PM0000436,CL0000012,PO0000322,2024-08-28,147774.00,Card,RCT-000000436,True
2024-07-11 10:00:00,seed_generator,2024-08-08 10:00:00,seed_generator,PM0000437,,PO0000053,2024-11-16,5317.00,Bank Transfer,RCT-000000437,True
2025-04-28 10:00:00,seed_generator,2025-05-11 10:00:00,seed_generator,PM0000438,,PO0000013,2025-10-03,176799.00,Card,RCT-000000438,True
2024-01-16 10:00:00,seed_generator,2024-01-28 10:00:00,seed_generator,PM0000439,,PO0000116,2024-05-26,133927.00,Bank Transfer,RCT-000000439,True
2025-05-01 10:00:00,seed_generator,2025-05-04 10:00:00,seed_generator,PM0000440,,PO0000057,2024-06-04,98666.00,M-Pesa,RCT-000000440,True
2025-01-09 10:00:00,seed_generator,2025-01-12 10:00:00,seed_generator,PM0000441,,PO0000316,2024-06-02,239772.00,M-Pesa,RCT-000000441,True
2025-07-15 10:00:00,seed_generator,2025-07-20 10:00:00,seed_generator,PM0000442,,PO0000310,2026-04-23,162184.00,Bank Transfer,RCT-000000442,True
2024-10-07 10:00:00,seed_generator,2024-10-11 10:00:00,seed_generator,PM0000443,,PO0000348,2026-03-08,84053.00,Cheque,RCT-000000443,True
2024-12-25 10:00:00,seed_generator,2025-01-22 10:00:00,seed_generator,PM0000444,CL0000128,PO0000147,2026-09-30,101760.00,Card,RCT-000000444,True
2023-09-21 10:00:00,seed_generator,2023-09-23 10:00:00,seed_generator,PM0000445,,PO0000365,2024-06-17,208891.00,Bank Transfer,RCT-000000445,True
2025-07-18 10:00:00,seed_generator,2025-07-30 10:00:00,seed_generator,PM0000446,,PO0000164,2024-11-04,218555.00,M-Pesa,RCT-000000446,True
2024-05-04 10:00:00,seed_generator,2024-05-17 10:00:00,seed_generator,PM0000447,,PO0000058,2025-08-22,42923.00,M-Pesa,RCT-000000447,True
2025-08-08 10:00:00,seed_generator,2025-08-13 10:00:00,seed_generator,PM0000448,,PO0000166,2025-10-29,88706.00,Cash,RCT-000000448,True
2024-08-11 10:00:00,seed_generator,2024-09-02 10:00:00,seed_generator,PM0000449,,PO0000218,2025-12-20,213011.00,Card,RCT-000000449,True
2023-09-17 10:00:00,seed_generator,2023-10-17 10:00:00,seed_generator,PM0000450,,PO0000071,2025-11-25,105449.00,Cash,RCT-000000450,True
2024-07-25 10:00:00,seed_generator,2024-08-11 10:00:00,seed_generator,PM0000451,,PO0000282,2025-12-30,145564.00,Bank Transfer,RCT-000000451,True
2025-09-22 10:00:00,seed_generator,2025-10-10 10:00:00,seed_generator,PM0000452,,PO0000197,2025-04-14,156486.00,Bank Transfer,RCT-000000452,True
2025-09-18 10:00:00,seed_generator,2025-09-25 10:00:00,seed_generator,PM0000453,,PO0000360,2025-05-14,227978.00,M-Pesa,RCT-000000453,True
2024-05-24 10:00:00,seed_generator,2024-06-08 10:00:00,seed_generator,PM0000454,,PO0000186,2025-05-05,20617.00,Card,RCT-000000454,True
2023-07-31 10:00:00,seed_generator,2023-08-27 10:00:00,seed_generator,PM0000455,,PO0000185,2024-03-21,82253.00,Cash,RCT-000000455,True
2023-08-14 10:00:00,seed_generator,2023-09-10 10:00:00,seed_generator,PM0000456,,PO0000074,2025-05-30,68569.00,Bank Transfer,RCT-000000456,True
2025-10-20 10:00:00,seed_generator,2025-11-12 10:00:00,seed_generator,PM0000457,CL0000179,PO0000115,2024-10-29,103949.00,M-Pesa,RCT-000000457,True
2024-10-08 10:00:00,seed_generator,2024-10-19 10:00:00,seed_generator,PM0000458,CL0000028,PO0000357,2025-08-01,157464.00,M-Pesa,RCT-000000458,True
2023-08-12 10:00:00,seed_generator,2023-08-31 10:00:00,seed_generator,PM0000459,,PO0000245,2024-11-14,43505.00,Card,RCT-000000459,True
2025-09-27 10:00:00,seed_generator,2025-10-04 10:00:00,seed_generator,PM0000460,CL0000146,PO0000073,2025-12-18,44247.00,Bank Transfer,RCT-000000460,True
2023-11-16 10:00:00,seed_generator,2023-11-20 10:00:00,seed_generator,PM0000461,,PO0000241,2026-10-20,83514.00,Cash,RCT-000000461,True
2023-12-08 10:00:00,seed_generator,2023-12-18 10:00:00,seed_generator,PM0000462,,PO0000211,2025-09-12,187254.00,M-Pesa,RCT-000000462,True
2025-08-25 10:00:00,seed_generator,2025-08-29 10:00:00,seed_generator,PM0000463,CL0000165,PO0000147,2025-11-12,163380.00,Bank Transfer,RCT-000000463,True
2025-07-05 10:00:00,seed_generator,2025-07-05 10:00:00,seed_generator,PM0000464,,PO0000258,2026-01-13,183232.00,Cash,RCT-000000464,True
2023-12-19 10:00:00,seed_generator,2024-01-14 10:00:00,seed_generator,PM0000465,,PO0000284,2025-10-24,136562.00,Card,RCT-000000465,True
2025-04-28 10:00:00,seed_generator,2025-05-11 10:00:00,seed_generator,PM0000466,,PO0000364,2025-06-29,29100.00,Cheque,RCT-000000466,True
2025-08-10 10:00:00,seed_generator,2025-09-02 10:00:00,seed_generator,PM0000467,,PO0000194,2025-08-04,19679.00,Bank Transfer,RCT-000000467,True
2025-06-11 10:00:00,seed_generator,2025-07-07 10:00:00,seed_generator,PM0000468,,PO0000201,2025-12-27,163618.00,M-Pesa,RCT-000000468,True
2024-08-24 10:00:00,seed_generator,2024-09-08 10:00:00,seed_generator,PM0000469,,PO0000355,2026-08-19,111194.00,Cash,RCT-000000469,True
2025-10-22 10:00:00,seed_generator,2025-11-16 10:00:00,seed_generator,PM0000470,,PO0000085,2024-08-08,56047.00,Card,RCT-000000470,True
2025-09-01 10:00:00,seed_generator,2025-09-03 10:00:00,seed_generator,PM0000471,,PO0000056,2024-08-05,12352.00,Bank Transfer,RCT-000000471,True
2025-07-03 10:00:00,seed_generator,2025-07-20 10:00:00,seed_generator,PM0000472,CL0000055,PO0000145,2025-03-27,7877.00,Card,RCT-000000472,True
2024-05-31 10:00:00,seed_generator,2024-06-06 10:00:00,seed_generator,PM0000473,,PO0000097,2025-09-12,68002.00,Card,RCT-000000473,True
2024-05-12 10:00:00,seed_generator,2024-05-30 10:00:00,seed_generator,PM0000474,CL0000124,PO0000044,2025-08-19,17595.00,Card,RCT-000000474,True
2025-02-03 10:00:00,seed_generator,2025-02-03 10:00:00,seed_generator,PM0000475,,PO0000048,2025-05-02,109369.00,Cheque,RCT-000000475,True
2025-01-28 10:00:00,seed_generator,2025-02-21 10:00:00,seed_generator,PM0000476,,PO0000100,2025-08-01,38952.00,M-Pesa,RCT-000000476,True
2024-10-25 10:00:00,seed_generator,2024-11-22 10:00:00,seed_generator,PM0000477,,PO0000170,2024-05-21,136642.00,Bank Transfer,RCT-000000477,True
2024-04-24 10:00:00,seed_generator,2024-05-19 10:00:00,seed_generator,PM0000478,,PO0000013,2026-01-31,232753.00,M-Pesa,RCT-000000478,True
2025-07-04 10:00:00,seed_generator,2025-07-08 10:00:00,seed_generator,PM0000479,,PO0000149,2025-09-14,237050.00,M-Pesa,RCT-000000479,True
2025-04-23 10:00:00,seed_generator,2025-05-21 10:00:00,seed_generator,PM0000480,,PO0000368,2025-12-16,176499.00,Bank Transfer,RCT-000000480,True
2023-12-12 10:00:00,seed_generator,2023-12-17 10:00:00,seed_generator,PM0000481,,PO0000394,2024-11-08,140345.00,Cheque,RCT-000000481,True
2024-06-29 10:00:00,seed_generator,2024-07-28 10:00:00,seed_generator,PM0000482,,PO0000334,2025-05-01,210875.00,Bank Transfer,RCT-000000482,True
2025-02-22 10:00:00,seed_generator,2025-03-05 10:00:00,seed_generator,PM0000483,,PO0000174,2025-01-03,15489.00,Cash,RCT-000000483,True
2025-05-17 10:00:00,seed_generator,2025-06-05 10:00:00,seed_generator,PM0000484,,PO0000123,2025-04-26,153609.00,Cash,RCT-000000484,True
2023-09-14 10:00:00,seed_generator,2023-09-14 10:00:00,seed_generator,PM0000485,CL0000080,PO0000050,2025-06-13,232418.00,M-Pesa,RCT-000000485,True
2025-09-11 10:00:00,seed_generator,2025-09-25 10:00:00,seed_generator,PM0000486,,PO0000256,2025-02-02,47329.00,M-Pesa,RCT-000000486,True
2024-05-05 10:00:00,seed_generator,2024-05-16 10:00:00,seed_generator,PM0000487,,PO0000144,2024-08-31,51972.00,Cash,RCT-000000487,True
2024-08-19 10:00:00,seed_generator,2024-08-27 10:00:00,seed_generator,PM0000488,,PO0000133,2024-09-14,175470.00,Bank Transfer,RCT-000000488,True
2024-05-13 10:00:00,seed_generator,2024-05-28 10:00:00,seed_generator,PM0000489,CL0000074,PO0000064,2024-08-23,112225.00,Cheque,RCT-000000489,True
2025-08-06 10:00:00,seed_generator,2025-08-20 10:00:00,seed_generator,PM0000490,,PO0000349,2026-02-11,87220.00,Card,RCT-000000490,True
2024-01-18 10:00:00,seed_generator,2024-01-31 10:00:00,seed_generator,PM0000491,,PO0000043,2026-01-17,235007.00,M-Pesa,RCT-000000491,True
2024-02-26 10:00:00,seed_generator,2024-02-27 10:00:00,seed_generator,PM0000492,,PO0000318,2025-08-18,188434.00,Cheque,RCT-000000492,True
2025-07-11 10:00:00,seed_generator,2025-08-07 10:00:00,seed_generator,PM0000493,CL0000097,PO0000005,2024-04-08,154457.00,Cash,RCT-000000493,True
2025-05-02 10:00:00,seed_generator,2025-05-14 10:00:00,seed_generator,PM0000494,,PO0000038,2026-04-25,29511.00,Card,RCT-000000494,True
2024-08-24 10:00:00,seed_generator,2024-09-13 10:00:00,seed_generator,PM0000495,,PO0000239,2026-05-05,33604.00,M-Pesa,RCT-000000495,True
2023-11-28 10:00:00,seed_generator,2023-12-01 10:00:00,seed_generator,PM0000496,,PO0000093,2025-07-09,206383.00,Cash,RCT-000000496,True
2024-10-31 10:00:00,seed_generator,2024-11-10 10:00:00,seed_generator,PM0000497,CL0000088,PO0000103,2026-04-08,132479.00,Bank Transfer,RCT-000000497,True
2023-11-18 10:00:00,seed_generator,2023-12-03 10:00:00,seed_generator,PM0000498,CL0000117,PO0000360,2025-02-18,147889.00,Bank Transfer,RCT-000000498,True
2025-07-20 10:00:00,seed_generator,2025-08-09 10:00:00,seed_generator,PM0000499,,PO0000241,2026-08-14,13211.00,Cheque,RCT-000000499,True
2024-11-22 10:00:00,seed_generator,2024-11-23 10:00:00,seed_generator,PM0000500,,PO0000397,2026-01-17,211978.00,Cash,RCT-000000500,True
2025-05-12 10:00:00,seed_generator,2025-05-13 10:00:00,seed_generator,PM0000501,,PO0000243,2024-10-31,203866.00,Cash,RCT-000000501,True
2025-04-02 10:00:00,seed_generator,2025-04-22 10:00:00,seed_generator,PM0000502,,PO0000139,2025-03-15,23155.00,Card,RCT-000000502,True
2025-09-24 10:00:00,seed_generator,2025-10-03 10:00:00,seed_generator,PM0000503,,PO0000208,2026-06-20,233403.00,Cash,RCT-000000503,True
2025-05-11 10:00:00,seed_generator,2025-06-01 10:00:00,seed_generator,PM0000504,,PO0000269,2024-11-06,222723.00,M-Pesa,RCT-000000504,True
2024-10-04 10:00:00,seed_generator,2024-10-14 10:00:00,seed_generator,PM0000505,,PO0000048,2025-05-10,48131.00,Bank Transfer,RCT-000000505,True
2024-10-13 10:00:00,seed_generator,2024-10-28 10:00:00,seed_generator,PM0000506,,PO0000179,2025-05-06,210483.00,Bank Transfer,RCT-000000506,True
2024-09-25 10:00:00,seed_generator,2024-10-06 10:00:00,seed_generator,PM0000507,,PO0000357,2025-06-15,107010.00,M-Pesa,RCT-000000507,True
2023-10-07 10:00:00,seed_generator,2023-11-04 10:00:00,seed_generator,PM0000508,,PO0000288,2024-07-01,194457.00,Cheque,RCT-000000508,True
2025-07-21 10:00:00,seed_generator,2025-07-31 10:00:00,seed_generator,PM0000509,,PO0000316,2024-09-29,8718.00,Bank Transfer,RCT-000000509,True
2025-07-18 10:00:00,seed_generator,2025-08-02 10:00:00,seed_generator,PM0000510,,PO0000235,2026-01-03,212622.00,Cash,RCT-000000510,True
2024-07-01 10:00:00,seed_generator,2024-07-24 10:00:00,seed_generator,PM0000511,CL0000116,PO0000135,2025-09-20,171276.00,Cash,RCT-000000511,True
2024-05-03 10:00:00,seed_generator,2024-05-06 10:00:00,seed_generator,PM0000512,CL0000049,PO0000328,2025-11-18,187569.00,Cheque,RCT-000000512,True
2025-06-29 10:00:00,seed_generator,2025-07-18 10:00:00,seed_generator,PM0000513,,PO0000397,2026-01-10,59988.00,Bank Transfer,RCT-000000513,True
2024-05-05 10:00:00,seed_generator,2024-06-04 10:00:00,seed_generator,PM0000514,CL0000094,PO0000348,2025-03-30,84152.00,Card,RCT-000000514,True
2023-08-31 10:00:00,seed_generator,2023-09-27 10:00:00,seed_generator,PM0000515,CL0000128,PO0000258,2026-05-09,124537.00,Cash,RCT-000000515,True
2024-12-21 10:00:00,seed_generator,2025-01-01 10:00:00,seed_generator,PM0000516,,PO0000211,2025-05-23,142145.00,Card,RCT-000000516,True
2025-06-19 10:00:00,seed_generator,2025-07-03 10:00:00,seed_generator,PM0000517,,PO0000059,2025-08-08,149901.00,Cheque,RCT-000000517,True
2024-06-09 10:00:00,seed_generator,2024-06-22 10:00:00,seed_generator,PM0000518,,PO0000084,2026-01-20,185499.00,Cash,RCT-000000518,True
2025-03-01 10:00:00,seed_generator,2025-03-23 10:00:00,seed_generator,PM0000519,,PO0000325,2025-06-28,27969.00,M-Pesa,RCT-000000519,True
2024-02-20 10:00:00,seed_generator,2024-02-20 10:00:00,seed_generator,PM0000520,,PO0000046,2025-04-13,32177.00,Cash,RCT-000000520,True
2023-11-08 10:00:00,seed_generator,2023-11-27 10:00:00,seed_generator,PM0000521,,PO0000384,2025-04-19,171074.00,Cash,RCT-000000521,True
2024-04-30 10:00:00,seed_generator,2024-05-25 10:00:00,seed_generator,PM0000522,CL0000075,PO0000258,2026-01-12,60540.00,Bank Transfer,RCT-000000522,True
2024-09-07 10:00:00,seed_generator,2024-09-24 10:00:00,seed_generator,PM0000523,,PO0000398,2025-08-16,229485.00,Cash,RCT-000000523,True
2024-12-22 10:00:00,seed_generator,2025-01-21 10:00:00,seed_generator,PM0000524,,PO0000064,2024-09-24,113248.00,Cash,RCT-000000524,True
2024-11-28 10:00:00,seed_generator,2024-12-23 10:00:00,seed_generator,PM0000525,,PO0000004,2025-09-09,75152.00,Card,RCT-000000525,True
2023-08-11 10:00:00,seed_generator,2023-09-08 10:00:00,seed_generator,PM0000526,,PO0000158,2025-02-11,181501.00,Bank Transfer,RCT-000000526,True
2024-10-18 10:00:00,seed_generator,2024-10-19 10:00:00,seed_generator,PM0000527,CL0000040,PO0000003,2024-07-14,225402.00,Cheque,RCT-000000527,True
2024-04-11 10:00:00,seed_generator,2024-04-21 10:00:00,seed_generator,PM0000528,,PO0000380,2025-06-13,117727.00,Bank Transfer,RCT-000000528,True
2024-11-11 10:00:00,seed_generator,2024-11-17 10:00:00,seed_generator,PM0000529,,PO0000285,2026-01-05,222199.00,M-Pesa,RCT-000000529,True
2024-10-03 10:00:00,seed_generator,2024-10-07 10:00:00,seed_generator,PM0000530,,PO0000296,2025-08-10,195870.00,Bank Transfer,RCT-000000530,True
2025-01-25 10:00:00,seed_generator,2025-02-10 10:00:00,seed_generator,PM0000531,,PO0000207,2026-02-13,31103.00,Bank Transfer,RCT-000000531,True
2025-08-17 10:00:00,seed_generator,2025-09-06 10:00:00,seed_generator,PM0000532,,PO0000259,2025-12-28,225995.00,Card,RCT-000000532,True
2025-07-07 10:00:00,seed_generator,2025-08-06 10:00:00,seed_generator,PM0000533,,PO0000284,2025-02-21,29448.00,M-Pesa,RCT-000000533,True
2025-12-05 10:00:00,seed_generator,2025-12-25 10:00:00,seed_generator,PM0000534,,PO0000224,2026-01-28,12292.00,Cheque,RCT-000000534,True
2024-06-08 10:00:00,seed_generator,2024-07-07 10:00:00,seed_generator,PM0000535,,PO0000363,2025-02-12,105245.00,M-Pesa,RCT-000000535,True
2023-11-26 10:00:00,seed_generator,2023-11-30 10:00:00,seed_generator,PM0000536,,PO0000381,2026-06-15,170544.00,Card,RCT-000000536,True
2025-04-15 10:00:00,seed_generator,2025-05-05 10:00:00,seed_generator,PM0000537,,PO0000096,2025-07-28,55811.00,Cheque,RCT-000000537,True
2023-12-04 10:00:00,seed_generator,2023-12-28 10:00:00,seed_generator,PM0000538,,PO0000126,2024-10-13,206953.00,Card,RCT-000000538,True
2025-10-25 10:00:00,seed_generator,2025-11-02 10:00:00,seed_generator,PM0000539,CL0000037,PO0000338,2025-10-16,11066.00,Cheque,RCT-000000539,True
2025-08-25 10:00:00,seed_generator,2025-09-08 10:00:00,seed_generator,PM0000540,,PO0000053,2024-11-06,33069.00,Bank Transfer,RCT-000000540,True
2025-03-23 10:00:00,seed_generator,2025-04-20 10:00:00,seed_generator,PM0000541,,PO0000145,2024-07-04,134563.00,Card,RCT-000000541,True
2024-11-11 10:00:00,seed_generator,2024-11-14 10:00:00,seed_generator,PM0000542,,PO0000107,2024-05-14,113460.00,M-Pesa,RCT-000000542,True
2024-03-16 10:00:00,seed_generator,2024-03-18 10:00:00,seed_generator,PM0000543,,PO0000250,2025-08-24,103370.00,Card,RCT-000000543,True
2024-09-11 10:00:00,seed_generator,2024-10-06 10:00:00,seed_generator,PM0000544,,PO0000325,2025-10-08,7658.00,Bank Transfer,RCT-000000544,True
2024-05-15 10:00:00,seed_generator,2024-06-04 10:00:00,seed_generator,PM0000545,,PO0000338,2024-12-15,35725.00,Card,RCT-000000545,True
2024-08-08 10:00:00,seed_generator,2024-08-27 10:00:00,seed_generator,PM0000546,,PO0000178,2025-06-15,46520.00,Cheque,RCT-000000546,True
2025-03-31 10:00:00,seed_generator,2025-04-29 10:00:00,seed_generator,PM0000547,CL0000156,PO0000380,2024-09-09,145497.00,M-Pesa,RCT-000000547,True
2024-07-10 10:00:00,seed_generator,2024-08-03 10:00:00,seed_generator,PM0000548,,PO0000266,2024-12-13,35091.00,Bank Transfer,RCT-000000548,True
2025-01-15 10:00:00,seed_generator,2025-01-19 10:00:00,seed_generator,PM0000549,,PO0000016,2026-08-31,38182.00,Card,RCT-000000549,True
2024-08-10 10:00:00,seed_generator,2024-08-16 10:00:00,seed_generator,PM0000550,,PO0000141,2024-12-25,190619.00,Cheque,RCT-000000550,True
2025-02-18 10:00:00,seed_generator,2025-03-04 10:00:00,seed_generator,PM0000551,,PO0000334,2025-05-25,119311.00,Cheque,RCT-000000551,True
2025-06-02 10:00:00,seed_generator,2025-06-10 10:00:00,seed_generator,PM0000552,,PO0000205,2026-05-03,226783.00,Card,RCT-000000552,True
2025-09-02 10:00:00,seed_generator,2025-09-20 10:00:00,seed_generator,PM0000553,,PO0000202,2026-04-24,86680.00,Bank Transfer,RCT-000000553,True
2023-12-08 10:00:00,seed_generator,2023-12-23 10:00:00,seed_generator,PM0000554,,PO0000106,2025-04-24,116080.00,Cheque,RCT-000000554,True
2025-03-13 10:00:00,seed_generator,2025-04-08 10:00:00,seed_generator,PM0000555,,PO0000383,2025-11-01,164198.00,Cash,RCT-000000555,True
2025-05-26 10:00:00,seed_generator,2025-06-13 10:00:00,seed_generator,PM0000556,,PO0000220,2026-10-15,219785.00,M-Pesa,RCT-000000556,True
2025-06-28 10:00:00,seed_generator,2025-07-26 10:00:00,seed_generator,PM0000557,CL0000131,PO0000231,2024-09-03,158844.00,Cash,RCT-000000557,True
2024-04-07 10:00:00,seed_generator,2024-05-03 10:00:00,seed_generator,PM0000558,,PO0000151,2026-08-16,97341.00,Cash,RCT-000000558,True
2025-08-21 10:00:00,seed_generator,2025-08-26 10:00:00,seed_generator,PM0000559,,PO0000016,2026-04-18,212328.00,Bank Transfer,RCT-000000559,True
2025-04-09 10:00:00,seed_generator,2025-04-11 10:00:00,seed_generator,PM0000560,,PO0000184,2025-04-11,102508.00,Bank Transfer,RCT-000000560,True
2025-01-29 10:00:00,seed_generator,2025-02-01 10:00:00,seed_generator,PM0000561,CL0000177,PO0000400,2025-11-24,192905.00,Card,RCT-000000561,True
2024-08-27 10:00:00,seed_generator,2024-09-14 10:00:00,seed_generator,PM0000562,,PO0000110,2026-02-01,152230.00,M-Pesa,RCT-000000562,True
2025-03-01 10:00:00,seed_generator,2025-03-20 10:00:00,seed_generator,PM0000563,,PO0000198,2024-09-09,31979.00,Cheque,RCT-000000563,True
2023-12-14 10:00:00,seed_generator,2024-01-02 10:00:00,seed_generator,PM0000564,,PO0000143,2025-03-12,24614.00,Cheque,RCT-000000564,True
2024-10-11 10:00:00,seed_generator,2024-11-01 10:00:00,seed_generator,PM0000565,,PO0000331,2024-12-13,218226.00,Card,RCT-000000565,True
2025-05-29 10:00:00,seed_generator,2025-05-30 10:00:00,seed_generator,PM0000566,,PO0000102,2024-11-26,17266.00,Card,RCT-000000566,True
2025-08-16 10:00:00,seed_generator,2025-08-19 10:00:00,seed_generator,PM0000567,,PO0000216,2026-01-14,90688.00,Cheque,RCT-000000567,True
2025-04-18 10:00:00,seed_generator,2025-05-06 10:00:00,seed_generator,PM0000568,CL0000005,PO0000197,2025-06-13,210338.00,Cheque,RCT-000000568,True
2024-08-31 10:00:00,seed_generator,2024-09-09 10:00:00,seed_generator,PM0000569,CL0000104,PO0000003,2024-01-23,239836.00,Cheque,RCT-000000569,True
2025-11-06 10:00:00,seed_generator,2025-11-16 10:00:00,seed_generator,PM0000570,,PO0000271,2025-08-21,128179.00,M-Pesa,RCT-000000570,True
2023-12-07 10:00:00,seed_generator,2023-12-16 10:00:00,seed_generator,PM0000571,,PO0000213,2025-11-01,109947.00,M-Pesa,RCT-000000571,True
2023-10-15 10:00:00,seed_generator,2023-10-25 10:00:00,seed_generator,PM0000572,,PO0000285,2025-07-12,108108.00,Card,RCT-000000572,True
2024-09-07 10:00:00,seed_generator,2024-09-22 10:00:00,seed_generator,PM0000573,,PO0000357,2024-10-28,226007.00,Card,RCT-000000573,True
2025-09-02 10:00:00,seed_generator,2025-09-02 10:00:00,seed_generator,PM0000574,,PO0000317,2025-08-17,41368.00,M-Pesa,RCT-000000574,True
2024-01-12 10:00:00,seed_generator,2024-02-04 10:00:00,seed_generator,PM0000575,,PO0000166,2025-07-28,28073.00,Bank Transfer,RCT-000000575,True
2023-09-07 10:00:00,seed_generator,2023-09-18 10:00:00,seed_generator,PM0000576,,PO0000371,2025-10-13,6295.00,M-Pesa,RCT-000000576,True
2023-10-05 10:00:00,seed_generator,2023-10-06 10:00:00,seed_generator,PM0000577,CL0000078,PO0000133,2024-03-10,74134.00,Card,RCT-000000577,True
2024-03-29 10:00:00,seed_generator,2024-04-23 10:00:00,seed_generator,PM0000578,,PO0000353,2026-02-18,188150.00,Bank Transfer,RCT-000000578,True
2024-04-28 10:00:00,seed_generator,2024-05-12 10:00:00,seed_generator,PM0000579,CL0000082,PO0000071,2025-10-06,202403.00,Cheque,RCT-000000579,True
2024-03-04 10:00:00,seed_generator,2024-03-18 10:00:00,seed_generator,PM0000580,,PO0000212,2025-04-19,143304.00,Bank Transfer,RCT-000000580,True
2024-08-14 10:00:00,seed_generator,2024-09-04 10:00:00,seed_generator,PM0000581,,PO0000296,2025-06-15,89387.00,Cash,RCT-000000581,True
2025-09-13 10:00:00,seed_generator,2025-09-21 10:00:00,seed_generator,PM0000582,,PO0000116,2024-05-11,97539.00,Cheque,RCT-000000582,True
2024-02-10 10:00:00,seed_generator,2024-03-01 10:00:00,seed_generator,PM0000583,,PO0000125,2025-06-06,187180.00,M-Pesa,RCT-000000583,True
2024-07-28 10:00:00,seed_generator,2024-07-29 10:00:00,seed_generator,PM0000584,,PO0000039,2025-03-07,61658.00,Cash,RCT-000000584,True
2025-06-07 10:00:00,seed_generator,2025-06-22 10:00:00,seed_generator,PM0000585,CL0000054,PO0000198,2025-03-19,204649.00,Cheque,RCT-000000585,True
2025-01-30 10:00:00,seed_generator,2025-02-23 10:00:00,seed_generator,PM0000586,,PO0000264,2026-04-12,176780.00,Bank Transfer,RCT-000000586,True
2025-08-30 10:00:00,seed_generator,2025-09-28 10:00:00,seed_generator,PM0000587,CL0000094,PO0000259,2025-12-25,123602.00,Cheque,RCT-000000587,True
2025-05-23 10:00:00,seed_generator,2025-06-16 10:00:00,seed_generator,PM0000588,,PO0000263,2024-12-25,77833.00,Cash,RCT-000000588,True
2024-01-14 10:00:00,seed_generator,2024-01-23 10:00:00,seed_generator,PM0000589,,PO0000085,2024-10-25,174969.00,M-Pesa,RCT-000000589,True
2024-08-31 10:00:00,seed_generator,2024-09-28 10:00:00,seed_generator,PM0000590,CL0000029,PO0000076,2024-06-15,9348.00,Cash,RCT-000000590,True
2025-03-18 10:00:00,seed_generator,2025-03-18 10:00:00,seed_generator,PM0000591,,PO0000096,2025-11-24,123657.00,Card,RCT-000000591,True
2025-08-17 10:00:00,seed_generator,2025-09-15 10:00:00,seed_generator,PM0000592,,PO0000136,2025-03-13,118108.00,Bank Transfer,RCT-000000592,True
2024-11-05 10:00:00,seed_generator,2024-11-21 10:00:00,seed_generator,PM0000593,,PO0000078,2025-01-20,18934.00,Cash,RCT-000000593,True
2024-12-03 10:00:00,seed_generator,2024-12-06 10:00:00,seed_generator,PM0000594,CL0000098,PO0000140,2024-10-01,55838.00,Card,RCT-000000594,True
2024-10-30 10:00:00,seed_generator,2024-11-04 10:00:00,seed_generator,PM0000595,,PO0000097,2026-05-25,164238.00,Cash,RCT-000000595,True
2024-09-29 10:00:00,seed_generator,2024-10-02 10:00:00,seed_generator,PM0000596,,PO0000266,2025-05-06,70259.00,M-Pesa,RCT-000000596,True
2025-08-21 10:00:00,seed_generator,2025-08-22 10:00:00,seed_generator,PM0000597,,PO0000113,2025-04-23,74777.00,Bank Transfer,RCT-000000597,True
2024-06-20 10:00:00,seed_generator,2024-06-23 10:00:00,seed_generator,PM0000598,,PO0000034,2025-06-14,188372.00,Cash,RCT-000000598,True
2024-11-09 10:00:00,seed_generator,2024-11-12 10:00:00,seed_generator,PM0000599,,PO0000201,2026-03-05,75324.00,Cash,RCT-000000599,True
2025-06-24 10:00:00,seed_generator,2025-07-19 10:00:00,seed_generator,PM0000600,,PO0000106,2025-07-31,80495.00,Cheque,RCT-000000600,True
