created_at,created_by,updated_at,updated_by,policy_id,policy_number,customer_id,type,issue_date,expiry_date,premium_amount,agent_id,beneficiary_id,branch_id,status,sum_assured,active
2024-11-20 10:00:00,seed_generator,2024-12-04 10:00:00,seed_generator,PO0000001,KE-2025-00000001,CU000223,Fire,2025-01-18,2026-01-18,245416.00,AG00025,BE0000001,BR0007,Active,11128036.00,True
2024-02-16 10:00:00,seed_generator,2024-03-14 10:00:00,seed_generator,PO0000002,KE-2024-00000002,CU000090,Travel,2024-05-16,2025-05-16,36098.00,AG00012,BE0000002,BR0009,Active,138533.00,True
2023-11-03 10:00:00,seed_generator,2023-11-03 10:00:00,seed_generator,PO0000003,KE-2024-00000003,CU000077,Medical,2024-01-04,2025-01-03,126373.00,AG00035,BE0000003,BR0007,Active,993280.00,True
2024-12-27 10:00:00,seed_generator,2024-12-31 10:00:00,seed_generator,PO0000004,KE-2025-00000004,CU000071,Medical,2025-04-16,2026-04-16,54409.00,AG00008,BE0000004,BR0001,Expired,1788422.00,True
2025-04-14 10:00:00,seed_generator,2025-04-20 10:00:00,seed_generator,PO0000005,KE-2024-00000005,CU000018,Travel,2024-01-17,2025-01-16,31449.00,AG00039,BE0000005,BR0001,Active,709667.00,True
2023-11-19 10:00:00,seed_generator,2023-11-20 10:00:00,seed_generator,PO0000006,KE-2024-00000006,CU000103,Motor,2024-09-07,2025-09-07,120071.00,AG00015,BE0000006,BR0009,Active,488486.00,True
2025-02-23 10:00:00,seed_generator,2025-03-02 10:00:00,seed_generator,PO0000007,KE-2025-00000007,CU000209,Medical,2025-05-30,2026-05-30,245227.00,AG00037,BE0000007,BR0006,Active,1374966.00,True
2025-07-23 10:00:00,seed_generator,2025-08-13 10:00:00,seed_generator,PO0000008,KE-2024-00000008,CU000134,Medical,2024-11-05,2025-11-05,62945.00,AG00027,BE0000008,BR0005,Active,2365045.00,True
2024-03-15 10:00:00,seed_generator,2024-04-05 10:00:00,seed_generator,PO0000009,KE-2024-00000009,CU000110,Travel,2024-06-28,2025-06-28,150712.00,AG00032,BE0000009,BR0001,Pending,992324.00,True
2025-01-24 10:00:00,seed_generator,2025-02-15 10:00:00,seed_generator,PO0000010,KE-2025-00000010,CU000107,Fire,2025-06-21,2026-06-21,112022.00,AG00010,BE0000010,BR0005,Active,12682001.00,True
2025-04-14 10:00:00,seed_generator,2025-05-11 10:00:00,seed_generator,PO0000011,KE-2025-00000011,CU000058,Travel,2025-04-29,2026-04-29,83836.00,AG00010,BE0000011,BR0008,Expired,594704.00,True
2024-05-25 10:00:00,seed_generator,2024-06-10 10:00:00,seed_generator,PO0000012,KE-2025-00000012,CU000035,Fire,2025-03-02,2026-03-02,106821.00,AG00016,BE0000012,BR0005,Active,10874923.00,True
2023-08-02 10:00:00,seed_generator,2023-08-13 10:00:00,seed_generator,PO0000013,KE-2025-00000013,CU000024,Motor,2025-04-05,2026-04-05,145413.00,AG00013,BE0000013,BR0001,Active,346748.00,True
2023-09-15 10:00:00,seed_generator,2023-10-09 10:00:00,seed_generator,PO0000014,KE-2024-00000014,CU000151,Motor,2024-07-11,2025-07-11,194872.00,AG00036,BE0000014,BR0004,Active,2808107.00,True
2025-05-14 10:00:00,seed_generator,2025-06-12 10:00:00,seed_generator,PO0000015,KE-2024-00000015,CU000049,Life,2024-01-16,2025-01-15,199373.00,AG00008,BE0000015,BR0012,Pending,8054958.00,True
2023-12-27 10:00:00,seed_generator,2024-01-02 10:00:00,seed_generator,PO0000016,KE-2025-00000016,CU000102,Medical,2025-09-10,2026-09-10,244894.00,AG00016,BE0000016,BR0009,Active,1217236.00,True
2024-06-18 10:00:00,seed_generator,2024-07-08 10:00:00,seed_generator,PO0000017,KE-2025-00000017,CU000092,Fire,2025-04-22,2026-04-22,85851.00,AG00017,BE0000017,BR0006,Active,8367928.00,True
2023-09-16 10:00:00,seed_generator,2023-10-09 10:00:00,seed_generator,PO0000018,KE-2024-00000018,CU000121,Fire,2024-04-10,2025-04-10,204656.00,AG00021,BE0000018,BR0004,Active,6969595.00,True
2025-05-04 10:00:00,seed_generator,2025-05-27 10:00:00,seed_generator,PO0000019,KE-2025-00000019,CU000038,Motor,2025-07-30,2026-07-30,9251.00,AG00017,BE0000019,BR0009,Pending,4873202.00,True
2025-07-13 10:00:00,seed_generator,2025-07-19 10:00:00,seed_generator,PO0000020,KE-2024-00000020,CU000085,Fire,2024-10-29,2025-10-29,65298.00,AG00025,BE0000020,BR0010,Expired,8401888.00,True
2024-01-15 10:00:00,seed_generator,2024-01-25 10:00:00,seed_generator,PO0000021,KE-2025-00000021,CU000066,Travel,2025-11-01,2026-11-01,205110.00,AG00032,BE0000021,BR0012,Cancelled,519426.00,True
2023-11-27 10:00:00,seed_generator,2023-12-22 10:00:00,seed_generator,PO0000022,KE-2024-00000022,CU000091,Fire,2024-06-21,2025-06-21,49371.00,AG00009,BE0000022,BR0012,Active,3112809.00,True
2025-10-17 10:00:00,seed_generator,2025-11-02 10:00:00,seed_generator,PO0000023,KE-2025-00000023,CU000009,Travel,2025-10-19,2026-10-19,224956.00,AG00005,BE0000023,BR0011,Active,11693.00,True
2023-08-07 10:00:00,seed_generator,2023-08-27 10:00:00,seed_generator,PO0000024,KE-2024-00000024,CU000060,Fire,2024-05-20,2025-05-20,22817.00,AG00010,BE0000024,BR0001,Active,7675572.00,True
2024-03-24 10:00:00,seed_generator,2024-04-13 10:00:00,seed_generator,PO0000025,KE-2024-00000025,CU000171,Life,2024-03-02,2025-03-02,249817.00,AG00040,BE0000025,BR0008,Cancelled,283935.00,True
2024-05-31 10:00:00,seed_generator,2024-06-13 10:00:00,seed_generator,PO0000026,KE-2025-00000026,CU000004,Motor,2025-06-28,2026-06-28,9384.00,AG00034,BE0000026,BR0012,Active,2419917.00,True
2023-09-06 10:00:00,seed_generator,2023-09-28 10:00:00,seed_generator,PO0000027,KE-2025-00000027,CU000173,Motor,2025-05-29,2026-05-29,117872.00,AG00012,BE0000027,BR0002,Expired,4413863.00,True
2025-06-03 10:00:00,seed_generator,2025-06-22 10:00:00,seed_generator,PO0000028,KE-2024-00000028,CU000135,Medical,2024-09-03,2025-09-03,71169.00,AG00023,BE0000028,BR0005,Expired,361430.00,True
2024-09-02 10:00:00,seed_generator,2024-09-20 10:00:00,seed_generator,PO0000029,KE-2025-00000029,CU000063,Life,2025-02-19,2026-02-19,187776.00,AG00015,BE0000029,BR0005,Expired,1372527.00,True
2024-10-27 10:00:00,seed_generator,2024-11-08 10:00:00,seed_generator,PO0000030,KE-2024-00000030,CU000097,Motor,2024-04-05,2025-04-05,149887.00,AG00031,BE0000030,BR0001,Cancelled,1452669.00,True
2023-08-04 10:00:00,seed_generator,2023-08-17 10:00:00,seed_generator,PO0000031,KE-2025-00000031,CU000166,Motor,2025-05-26,2026-05-26,210619.00,AG00022,BE0000031,BR0010,Pending,814953.00,True
2025-04-25 10:00:00,seed_generator,2025-05-01 10:00:00,seed_generator,PO0000032,KE-2024-00000032,CU000231,Travel,2024-02-13,2025-02-12,232571.00,AG00037,BE0000032,BR0008,Active,974051.00,True
2025-03-04 10:00:00,seed_generator,2025-04-01 10:00:00,seed_generator,PO0000033,KE-2025-00000033,CU000140,Motor,2025-12-01,2026-12-01,152720.00,AG00003,BE0000033,BR0003,Expired,2653088.00,True
2024-04-24 10:00:00,seed_generator,2024-04-28 10:00:00,seed_generator,PO0000034,KE-2024-00000034,CU000193,Motor,2024-07-31,2025-07-31,220139.00,AG00026,BE0000034,BR0002,Active,4745824.00,True
2023-08-15 10:00:00,seed_generator,2023-09-11 10:00:00,seed_generator,PO0000035,KE-2025-00000035,CU000100,Medical,2025-08-03,2026-08-03,182480.00,AG00035,BE0000035,BR0006,Active,616995.00,True
2023-11-14 10:00:00,seed_generator,2023-11-25 10:00:00,seed_generator,PO0000036,KE-2025-00000036,CU000014,Motor,2025-05-27,2026-05-27,30607.00,AG00028,BE0000036,BR0004,Expired,2872099.00,True
2024-04-16 10:00:00,seed_generator,2024-04-28 10:00:00,seed_generator,PO0000037,KE-2025-00000037,CU000249,Travel,2025-09-20,2026-09-20,207782.00,AG00021,BE0000037,BR0001,Cancelled,826609.00,True
2025-04-27 10:00:00,seed_generator,2025-05-08 10:00:00,seed_generator,PO0000038,KE-2025-00000038,CU000142,Fire,2025-05-17,2026-05-17,103415.00,AG00028,BE0000038,BR0003,Cancelled,11109235.00,True
2023-10-18 10:00:00,seed_generator,2023-11-06 10:00:00,seed_generator,PO0000039,KE-2024-00000039,CU000076,Fire,2024-03-28,2025-03-28,214205.00,AG00016,BE0000039,BR0012,Active,4520824.00,True
2023-12-19 10:00:00,seed_generator,2024-01-13 10:00:00,seed_generator,PO0000040,KE-2025-00000040,CU000163,Medical,2025-01-24,2026-01-24,45442.00,AG00025,BE0000040,BR0006,Active,413864.00,True
2024-09-17 10:00:00,seed_generator,2024-09-28 10:00:00,seed_generator,PO0000041,KE-2024-00000041,CU000195,Motor,2024-11-11,2025-11-11,75717.00,AG00007,BE0000041,BR0003,Active,3630318.00,True
2024-05-27 10:00:00,seed_generator,2024-06-12 10:00:00,seed_generator,PO0000042,KE-2025-00000042,CU000105,Fire,2025-07-24,2026-07-24,32077.00,AG00002,BE0000042,BR0002,Active,1586359.00,True
2023-10-05 10:00:00,seed_generator,2023-10-15 10:00:00,seed_generator,PO0000043,KE-2025-00000043,CU000222,Travel,2025-09-04,2026-09-04,105987.00,AG00001,BE0000043,BR0005,Active,822018.00,True
2025-04-12 10:00:00,seed_generator,2025-04-30 10:00:00,seed_generator,PO0000044,KE-2025-00000044,CU000134,Motor,2025-07-26,2026-07-26,49455.00,AG00025,BE0000044,BR0003,Active,2541072.00,True
2025-07-20 10:00:00,seed_generator,2025-07-22 10:00:00,seed_generator,PO0000045,KE-2025-00000045,CU000043,Life,2025-05-19,2026-05-19,118947.00,AG00018,BE0000045,BR0007,Active,1310526.00,True
2025-04-08 10:00:00,seed_generator,2025-05-01 10:00:00,seed_generator,PO0000046,KE-2024-00000046,CU000161,Life,2024-09-14,2025-09-14,134971.00,AG00039,BE0000046,BR0010,Active,1814698.00,True
2025-12-10 10:00:00,seed_generator,2026-01-09 10:00:00,seed_generator,PO0000047,KE-2024-00000047,CU000102,Medical,2024-11-07,2025-11-07,92088.00,AG00040,BE0000047,BR0007,Expired,1412198.00,True
2024-10-02 10:00:00,seed_generator,2024-10-28 10:00:00,seed_generator,PO0000048,KE-2024-00000048,CU000211,Fire,2024-12-08,2025-12-08,230314.00,AG00039,BE0000048,BR0003,Active,10145205.00,True
2025-01-29 10:00:00,seed_generator,2025-02-03 10:00:00,seed_generator,PO0000049,KE-2025-00000049,CU000247,Medical,2025-05-05,2026-05-05,109396.00,AG00021,BE0000049,BR0005,Expired,2089433.00,True
2025-01-17 10:00:00,seed_generator,2025-01-29 10:00:00,seed_generator,PO0000050,KE-2024-00000050,CU000072,Travel,2024-09-05,2025-09-05,219039.00,AG00026,BE0000050,BR0006,Active,596240.00,True
2024-06-06 10:00:00,seed_generator,2024-06-11 10:00:00,seed_generator,PO0000051,KE-2025-00000051,CU000175,Medical,2025-08-29,2026-08-29,206226.00,AG00036,BE0000051,BR0001,Pending,1966183.00,True
2023-09-22 10:00:00,seed_generator,2023-10-01 10:00:00,seed_generator,PO0000052,KE-2025-00000052,CU000213,Medical,2025-03-24,2026-03-24,186622.00,AG00005,BE0000052,BR0007,Cancelled,613759.00,True
2025-04-02 10:00:00,seed_generator,2025-04-23 10:00:00,seed_generator,PO0000053,KE-2024-00000053,CU000040,Life,2024-09-04,2025-09-04,192494.00,AG00028,BE0000053,BR0007,Active,8060224.00,True
2024-06-17 10:00:00,seed_generator,2024-07-03 10:00:00,seed_generator,PO0000054,KE-2025-00000054,CU000237,Travel,2025-02-14,2026-02-14,246275.00,AG00027,BE0000054,BR0009,Active,381993.00,True
2024-03-03 10:00:00,seed_generator,2024-04-01 10:00:00,seed_generator,PO0000055,KE-2025-00000055,CU000022,Travel,2025-08-31,2026-08-31,33670.00,AG00016,BE0000055,BR0011,Cancelled,179418.00,True
2024-05-19 10:00:00,seed_generator,2024-06-08 10:00:00,seed_generator,PO0000056,KE-2024-00000056,CU000174,Travel,2024-02-15,2025-02-14,174539.00,AG00026,BE0000056,BR0006,Pending,456365.00,True
2025-09-07 10:00:00,seed_generator,2025-09-15 10:00:00,seed_generator,PO0000057,KE-2024-00000057,CU000057,Motor,2024-01-11,2025-01-10,138870.00,AG00034,BE0000057,BR0009,Active,4840424.00,True
2024-11-28 10:00:00,seed_generator,2024-12-10 10:00:00,seed_generator,PO0000058,KE-2025-00000058,CU000119,Medical,2025-04-01,2026-04-01,207464.00,AG00038,BE0000058,BR0012,Active,1476898.00,True
2025-08-31 10:00:00,seed_generator,2025-09-09 10:00:00,seed_generator,PO0000059,KE-2025-00000059,CU000107,Motor,2025-05-09,2026-05-09,246316.00,AG00006,BE0000059,BR0002,Expired,1203457.00,True
2024-12-30 10:00:00,seed_generator,2025-01-13 10:00:00,seed_generator,PO0000060,KE-2024-00000060,CU000201,Life,2024-11-15,2025-11-15,59229.00,AG00034,BE0000060,BR0008,Active,1657842.00,True
2025-01-24 10:00:00,seed_generator,2025-01-26 10:00:00,seed_generator,PO0000061,KE-2025-00000061,CU000077,Fire,2025-04-08,2026-04-08,16713.00,AG00008,BE0000061,BR0001,Expired,10896131.00,True
2023-09-19 10:00:00,seed_generator,2023-09-24 10:00:00,seed_generator,PO0000062,KE-2025-00000062,CU000239,Motor,2025-11-24,2026-11-24,199114.00,AG00016,BE0000062,BR0009,Active,1358315.00,True
2024-10-06 10:00:00,seed_generator,2024-11-05 10:00:00,seed_generator,PO0000063,KE-2025-00000063,CU000119,Life,2025-07-27,2026-07-27,65779.00,AG00026,BE0000063,BR0011,Active,7270013.00,True
2023-11-22 10:00:00,seed_generator,2023-12-11 10:00:00,seed_generator,PO0000064,KE-2024-00000064,CU000227,Fire,2024-01-30,2025-01-29,56727.00,AG00029,BE0000064,BR0010,Active,99659.00,True
2025-03-06 10:00:00,seed_generator,2025-03-30 10:00:00,seed_generator,PO0000065,KE-2024-00000065,CU000181,Medical,2024-07-29,2025-07-29,217003.00,AG00005,BE0000065,BR0010,Active,2281875.00,True
2025-01-17 10:00:00,seed_generator,2025-01-23 10:00:00,seed_generator,PO0000066,KE-2025-00000066,CU000118,Medical,2025-01-09,2026-01-09,34872.00,AG00017,BE0000066,BR0011,Expired,2243397.00,True
2024-11-14 10:00:00,seed_generator,2024-12-03 10:00:00,seed_generator,PO0000067,KE-2025-00000067,CU000101,Life,2025-09-03,2026-09-03,158879.00,AG00008,BE0000067,BR0006,Active,7701625.00,True
2023-09-05 10:00:00,seed_generator,2023-09-26 10:00:00,seed_generator,PO0000068,KE-2024-00000068,CU000181,Travel,2024-06-25,2025-06-25,214875.00,AG00020,BE0000068,BR0010,Active,709758.00,True
2025-08-18 10:00:00,seed_generator,2025-08-25 10:00:00,seed_generator,PO0000069,KE-2024-00000069,CU000079,Medical,2024-11-16,2025-11-16,35657.00,AG00012,BE0000069,BR0006,Expired,2172554.00,True
2024-04-15 10:00:00,seed_generator,2024-04-19 10:00:00,seed_generator,PO0000070,KE-2025-00000070,CU000148,Fire,2025-03-04,2026-03-04,105587.00,AG00028,BE0000070,BR0003,Active,9040728.00,True
2025-06-29 10:00:00,seed_generator,2025-07-14 10:00:00,seed_generator,PO0000071,KE-2025-00000071,CU000074,Medical,2025-07-22,2026-07-22,41777.00,AG00012,BE0000071,BR0006,Expired,254861.00,True
2024-08-07 10:00:00,seed_generator,2024-08-11 10:00:00,seed_generator,PO0000072,KE-2024-00000072,CU000050,Life,2024-01-10,2025-01-09,218703.00,AG00025,BE0000072,BR0009,Active,8324216.00,True
2024-10-17 10:00:00,seed_generator,2024-11-08 10:00:00,seed_generator,PO0000073,KE-2025-00000073,CU000216,Fire,2025-05-18,2026-05-18,121353.00,AG00032,BE0000073,BR0003,Active,542756.00,True
2025-11-13 10:00:00,seed_generator,2025-11-21 10:00:00,seed_generator,PO0000074,KE-2024-00000074,CU000058,Medical,2024-10-26,2025-10-26,145930.00,AG00019,BE0000074,BR0003,Expired,2402509.00,True
2024-07-11 10:00:00,seed_generator,2024-07-14 10:00:00,seed_generator,PO0000075,KE-2025-00000075,CU000147,Fire,2025-07-16,2026-07-16,34938.00,AG00018,BE0000075,BR0009,Expired,6179919.00,True
2023-10-30 10:00:00,seed_generator,2023-11-22 10:00:00,seed_generator,PO0000076,KE-2024-00000076,CU000113,Travel,2024-02-12,2025-02-11,148223.00,AG00014,BE0000076,BR0007,Active,875392.00,True
2025-11-13 10:00:00,seed_generator,2025-11-27 10:00:00,seed_generator,PO0000077,KE-2024-00000077,CU000068,Medical,2024-10-31,2025-10-31,96377.00,AG00006,BE0000077,BR0008,Expired,522352.00,True
2023-09-08 10:00:00,seed_generator,2023-10-01 10:00:00,seed_generator,PO0000078,KE-2024-00000078,CU000151,Medical,2024-08-02,2025-08-02,185652.00,AG00023,BE0000078,BR0012,Cancelled,1825862.00,True
2025-07-27 10:00:00,seed_generator,2025-08-21 10:00:00,seed_generator,PO0000079,KE-2025-00000079,CU000053,Medical,2025-09-22,2026-09-22,218261.00,AG00014,BE0000079,BR0001,Active,2262547.00,True
2024-06-13 10:00:00,seed_generator,2024-06-18 10:00:00,seed_generator,PO0000080,KE-2025-00000080,CU000083,Life,2025-09-03,2026-09-03,189563.00,AG00019,BE0000080,BR0005,Active,8650451.00,True
2023-11-09 10:00:00,seed_generator,2023-12-04 10:00:00,seed_generator,PO0000081,KE-2024-00000081,CU000106,Motor,2024-05-18,2025-05-18,245849.00,AG00004,BE0000081,BR0005,Expired,1079415.00,True
2025-07-20 10:00:00,seed_generator,2025-08-11 10:00:00,seed_generator,PO0000082,KE-2024-00000082,CU000083,Medical,2024-09-12,2025-09-12,222181.00,AG00016,BE0000082,BR0011,Active,626311.00,True
2025-03-16 10:00:00,seed_generator,2025-04-05 10:00:00,seed_generator,PO0000083,KE-2025-00000083,CU000107,Travel,2025-10-09,2026-10-09,103349.00,AG00029,BE0000083,BR0002,Cancelled,927878.00,True
2024-07-07 10:00:00,seed_generator,2024-07-30 10:00:00,seed_generator,PO0000084,KE-2025-00000084,CU000072,Motor,2025-02-16,2026-02-16,187112.00,AG00024,BE0000084,BR0008,Pending,2760501.00,True
2023-10-16 10:00:00,seed_generator,2023-11-12 10:00:00,seed_generator,PO0000085,KE-2024-00000085,CU000188,Travel,2024-01-03,2025-01-02,29416.00,AG00030,BE0000085,BR0011,Cancelled,380623.00,True
2024-11-04 10:00:00,seed_generator,2024-11-10 10:00:00,seed_generator,PO0000086,KE-2025-00000086,CU000248,Motor,2025-07-01,2026-07-01,117628.00,AG00014,BE0000086,BR0008,Active,2393951.00,True
2024-05-04 10:00:00,seed_generator,2024-05-08 10:00:00,seed_generator,PO0000087,KE-2025-00000087,CU000145,Life,2025-07-14,2026-07-14,228457.00,AG00032,BE0000087,BR0006,Expired,832172.00,True
2024-03-15 10:00:00,seed_generator,2024-04-09 10:00:00,seed_generator,PO0000088,KE-2024-00000088,CU000215,Motor,2024-04-11,2025-04-11,125476.00,AG00002,BE0000088,BR0002,Expired,1340261.00,True
2025-12-16 10:00:00,seed_generator,2026-01-15 10:00:00,seed_generator,PO0000089,KE-2025-00000089,CU000110,Fire,2025-04-12,2026-04-12,58036.00,AG00009,BE0000089,BR0011,Active,14695389.00,True
2024-02-15 10:00:00,seed_generator,2024-02-26 10:00:00,seed_generator,PO0000090,KE-2024-00000090,CU000065,Life,2024-04-05,2025-04-05,26606.00,AG00024,BE0000090,BR0011,Expired,2797050.00,True
2024-03-16 10:00:00,seed_generator,2024-03-25 10:00:00,seed_generator,PO0000091,KE-2025-00000091,CU000186,Motor,2025-02-09,2026-02-09,188354.00,AG00015,BE0000091,BR0007,Cancelled,813458.00,True
2024-08-15 10:00:00,seed_generator,2024-08-17 10:00:00,seed_generator,PO0000092,KE-2024-00000092,CU000034,Motor,2024-08-06,2025-08-06,160629.00,AG00015,BE0000092,BR0009,Cancelled,92904.00,True
2023-09-02 10:00:00,seed_generator,2023-09-05 10:00:00,seed_generator,PO0000093,KE-2024-00000093,CU000221,Motor,2024-12-17,2025-12-17,115707.00,AG00009,BE0000093,BR0008,Active,3228423.00,True
2025-09-02 10:00:00,seed_generator,2025-09-12 10:00:00,seed_generator,PO0000094,KE-2024-00000094,CU000095,Motor,2024-04-14,2025-04-14,235945.00,AG00020,BE0000094,BR0003,Active,1131911.00,True
2024-06-21 10:00:00,seed_generator,2024-07-09 10:00:00,seed_generator,PO0000095,KE-2024-00000095,CU000003,Medical,2024-03-11,2025-03-11,164991.00,AG00011,BE0000095,BR0008,Active,923619.00,True
2024-03-26 10:00:00,seed_generator,2024-04-16 10:00:00,seed_generator,PO0000096,KE-2025-00000096,CU000114,Medical,2025-02-25,2026-02-25,230434.00,AG00014,BE0000096,BR0002,Expired,617257.00,True
2023-11-30 10:00:00,seed_generator,2023-12-12 10:00:00,seed_generator,PO0000097,KE-2025-00000097,CU000090,Motor,2025-08-26,2026-08-26,117561.00,AG00021,BE0000097,BR0003,Active,721729.00,True
2024-04-10 10:00:00,seed_generator,2024-04-29 10:00:00,seed_generator,PO0000098,KE-2025-00000098,CU000185,Medical,2025-07-20,2026-07-20,164276.00,AG00019,BE0000098,BR0012,Active,1295209.00,True
2024-04-04 10:00:00,seed_generator,2024-04-20 10:00:00,seed_generator,PO0000099,KE-2025-00000099,CU000049,Medical,2025-06-14,2026-06-14,201042.00,AG00026,BE0000099,BR0005,Cancelled,1033869.00,True
2025-08-23 10:00:00,seed_generator,2025-08-30 10:00:00,seed_generator,PO0000100,KE-2025-00000100,CU000128,Fire,2025-01-30,2026-01-30,172269.00,AG00039,BE0000100,BR0002,Active,227450.00,True
2025-08-03 10:00:00,seed_generator,2025-08-15 10:00:00,seed_generator,PO0000101,KE-2024-00000101,CU000221,Life,2024-11-20,2025-11-20,224931.00,AG00037,BE0000101,BR0007,Active,2918604.00,True
2025-11-29 10:00:00,seed_generator,2025-12-17 10:00:00,seed_generator,PO0000102,KE-2024-00000102,CU000018,Fire,2024-03-15,2025-03-15,8615.00,AG00017,BE0000102,BR0004,Active,1039499.00,True
2025-02-26 10:00:00,seed_generator,2025-03-18 10:00:00,seed_generator,PO0000103,KE-2025-00000103,CU000183,Fire,2025-06-02,2026-06-02,136346.00,AG00027,BE0000103,BR0007,Expired,1407909.00,True
2024-03-26 10:00:00,seed_generator,2024-03-30 10:00:00,seed_generator,PO0000104,KE-2025-00000104,CU000072,Travel,2025-07-04,2026-07-04,26914.00,AG00020,BE0000104,BR0002,Active,218068.00,True
2025-01-16 10:00:00,seed_generator,2025-01-28 10:00:00,seed_generator,PO0000105,KE-2025-00000105,CU000151,Medical,2025-07-03,2026-07-03,171276.00,AG00005,BE0000105,BR0005,Expired,1030917.00,True
2025-09-19 10:00:00,seed_generator,2025-10-18 10:00:00,seed_generator,PO0000106,KE-2024-00000106,CU000112,Motor,2024-09-07,2025-09-07,35405.00,AG00030,BE0000106,BR0010,Cancelled,2609513.00,True
2025-12-04 10:00:00,seed_generator,2025-12-26 10:00:00,seed_generator,PO0000107,KE-2024-00000107,CU000036,Medical,2024-05-02,2025-05-02,188893.00,AG00001,BE0000107,BR0003,Active,1484186.00,True
2023-10-07 10:00:00,seed_generator,2023-11-02 10:00:00,seed_generator,PO0000108,KE-2025-00000108,CU000185,Travel,2025-06-13,2026-06-13,72960.00,AG00011,BE0000108,BR0006,Active,824067.00,True
2023-10-19 10:00:00,seed_generator,2023-11-16 10:00:00,seed_generator,PO0000109,KE-2024-00000109,CU000008,Life,2024-04-30,2025-04-30,92821.00,AG00028,BE0000109,BR0005,Active,4431563.00,True
2025-09-29 10:00:00,seed_generator,2025-10-14 10:00:00,seed_generator,PO0000110,KE-2025-00000110,CU000117,Travel,2025-10-04,2026-10-04,138898.00,AG00024,BE0000110,BR0001,Active,599423.00,True
2025-07-08 10:00:00,seed_generator,2025-07-16 10:00:00,seed_generator,PO0000111,KE-2025-00000111,CU000198,Medical,2025-01-11,2026-01-11,31975.00,AG00037,BE0000111,BR0011,Expired,987997.00,True
2025-11-01 10:00:00,seed_generator,2025-11-28 10:00:00,seed_generator,PO0000112,KE-2024-00000112,CU000221,Travel,2024-01-03,2025-01-02,8221.00,AG00016,BE0000112,BR0001,Active,406583.00,True
2025-11-10 10:00:00,seed_generator,2025-11-27 10:00:00,seed_generator,PO0000113,KE-2024-00000113,CU000206,Medical,2024-07-02,2025-07-02,244585.00,AG00027,BE0000113,BR0004,Active,1775906.00,True
2023-08-24 10:00:00,seed_generator,2023-08-26 10:00:00,seed_generator,PO0000114,KE-2024-00000114,CU000147,Life,2024-10-04,2025-10-04,102729.00,AG00008,BE0000114,BR0009,Cancelled,903692.00,True
2023-09-15 10:00:00,seed_generator,2023-10-01 10:00:00,seed_generator,PO0000115,KE-2024-00000115,CU000012,Medical,2024-08-16,2025-08-16,110100.00,AG00005,BE0000115,BR0008,Expired,1333160.00,True
2024-05-29 10:00:00,seed_generator,2024-06-12 10:00:00,seed_generator,PO0000116,KE-2024-00000116,CU000003,Life,2024-03-29,2025-03-29,101709.00,AG00013,BE0000116,BR0005,Active,5118752.00,True
2024-08-28 10:00:00,seed_generator,2024-09-08 10:00:00,seed_generator,PO0000117,KE-2024-00000117,CU000152,Travel,2024-09-05,2025-09-05,134331.00,AG00013,BE0000117,BR0012,Expired,802423.00,True
2025-12-10 10:00:00,seed_generator,2026-01-08 10:00:00,seed_generator,PO0000118,KE-2024-00000118,CU000105,Medical,2024-06-03,2025-06-03,11267.00,AG00015,BE0000118,BR0009,Active,70243.00,True
2023-10-31 10:00:00,seed_generator,2023-11-21 10:00:00,seed_generator,PO0000119,KE-2024-00000119,CU000097,Life,2024-01-02,2025-01-01,227561.00,AG00020,BE0000119,BR0002,Active,4015789.00,True
2025-10-16 10:00:00,seed_generator,2025-10-20 10:00:00,seed_generator,PO0000120,KE-2025-00000120,CU000183,Fire,2025-05-18,2026-05-18,78354.00,AG00006,BE0000120,BR0001,Expired,14210207.00,True
2023-12-30 10:00:00,seed_generator,2024-01-27 10:00:00,seed_generator,PO0000121,KE-2025-00000121,CU000096,Travel,2025-02-26,2026-02-26,125182.00,AG00006,BE0000121,BR0010,Active,144999.00,True
2024-04-19 10:00:00,seed_generator,2024-05-07 10:00:00,seed_generator,PO0000122,KE-2024-00000122,CU000016,Fire,2024-03-17,2025-03-17,119028.00,AG00009,BE0000122,BR0004,Active,14300963.00,True
2023-12-30 10:00:00,seed_generator,2024-01-25 10:00:00,seed_generator,PO0000123,KE-2025-00000123,CU000189,Life,2025-02-06,2026-02-06,90524.00,AG00021,BE0000123,BR0008,Active,1273047.00,True
2023-10-10 10:00:00,seed_generator,2023-11-03 10:00:00,seed_generator,PO0000124,KE-2024-00000124,CU000150,Medical,2024-05-19,2025-05-19,33566.00,AG00010,BE0000124,BR0002,Active,1984776.00,True
2025-08-15 10:00:00,seed_generator,2025-09-01 10:00:00,seed_generator,PO0000125,KE-2025-00000125,CU000092,Life,2025-02-20,2026-02-20,206939.00,AG00014,BE0000125,BR0008,Active,4466095.00,True
2025-07-08 10:00:00,seed_generator,2025-08-02 10:00:00,seed_generator,PO0000126,KE-2024-00000126,CU000176,Motor,2024-04-02,2025-04-02,84748.00,AG00039,BE0000126,BR0001,Active,2764732.00,True
2023-12-19 10:00:00,seed_generator,2023-12-26 10:00:00,seed_generator,PO0000127,KE-2024-00000127,CU000248,Medical,2024-04-03,2025-04-03,98255.00,AG00026,BE0000127,BR0009,Active,1283428.00,True
2025-11-15 10:00:00,seed_generator,2025-12-15 10:00:00,seed_generator,PO0000128,KE-2024-00000128,CU000104,Life,2024-06-27,2025-06-27,229028.00,AG00029,BE0000128,BR0009,Expired,4211831.00,True
2025-09-03 10:00:00,seed_generator,2025-09-28 10:00:00,seed_generator,PO0000129,KE-2025-00000129,CU000204,Motor,2025-04-18,2026-04-18,41645.00,AG00008,BE0000129,BR0001,Active,1879688.00,True
2023-08-26 10:00:00,seed_generator,2023-09-07 10:00:00,seed_generator,PO0000130,KE-2024-00000130,CU000096,Medical,2024-07-21,2025-07-21,184905.00,AG00006,BE0000130,BR0010,Active,344519.00,True
2025-05-28 10:00:00,seed_generator,2025-06-25 10:00:00,seed_generator,PO0000131,KE-2024-00000131,CU000166,Motor,2024-03-07,2025-03-07,121242.00,AG00009,BE0000131,BR0002,Expired,2796242.00,True
2024-08-31 10:00:00,seed_generator,2024-09-01 10:00:00,seed_generator,PO0000132,KE-2024-00000132,CU000044,Motor,2024-02-13,2025-02-12,247255.00,AG00037,BE0000132,BR0007,Expired,3328489.00,True
2024-11-20 10:00:00,seed_generator,2024-12-11 10:00:00,seed_generator,PO0000133,KE-2024-00000133,CU000110,Fire,2024-01-31,2025-01-30,50300.00,AG00023,BE0000133,BR0004,Expired,4638428.00,True
2025-07-17 10:00:00,seed_generator,2025-07-18 10:00:00,seed_generator,PO0000134,KE-2025-00000134,CU000158,Life,2025-04-01,2026-04-01,167313.00,AG00040,BE0000134,BR0004,Cancelled,8390012.00,True
2024-08-13 10:00:00,seed_generator,2024-08-14 10:00:00,seed_generator,PO0000135,KE-2025-00000135,CU000023,Fire,2025-07-17,2026-07-17,78341.00,AG00025,BE0000135,BR0003,Active,10806920.00,True
2024-03-11 10:00:00,seed_generator,2024-04-05 10:00:00,seed_generator,PO0000136,KE-2024-00000136,CU000140,Travel,2024-09-12,2025-09-12,213364.00,AG00002,BE0000136,BR0007,Expired,381556.00,True
2023-10-08 10:00:00,seed_generator,2023-10-23 10:00:00,seed_generator,PO0000137,KE-2025-00000137,CU000089,Fire,2025-07-11,2026-07-11,244252.00,AG00037,BE0000137,BR0009,Active,4562157.00,True
2025-01-24 10:00:00,seed_generator,2025-02-12 10:00:00,seed_generator,PO0000138,KE-2024-00000138,CU000057,Medical,2024-01-27,2025-01-26,12681.00,AG00018,BE0000138,BR0001,Expired,2008387.00,True
2023-10-23 10:00:00,seed_generator,2023-11-10 10:00:00,seed_generator,PO0000139,KE-2025-00000139,CU000060,Travel,2025-01-01,2026-01-01,46844.00,AG00007,BE0000139,BR0004,Cancelled,284473.00,True
2023-10-26 10:00:00,seed_generator,2023-11-25 10:00:00,seed_generator,PO0000140,KE-2024-00000140,CU000057,Travel,2024-02-27,2025-02-26,155914.00,AG00025,BE0000140,BR0006,Pending,891278.00,True
2025-04-18 10:00:00,seed_generator,2025-05-06 10:00:00,seed_generator,PO0000141,KE-2024-00000141,CU000082,Medical,2024-06-29,2025-06-29,216343.00,AG00023,BE0000141,BR0010,Active,1505061.00,True
2025-07-24 10:00:00,seed_generator,2025-08-11 10:00:00,seed_generator,PO0000142,KE-2025-00000142,CU000243,Travel,2025-07-31,2026-07-31,54344.00,AG00032,BE0000142,BR0009,Active,519259.00,True
2025-10-20 10:00:00,seed_generator,2025-10-27 10:00:00,seed_generator,PO0000143,KE-2024-00000143,CU000155,Motor,2024-04-02,2025-04-02,62359.00,AG00002,BE0000143,BR0009,Active,2797786.00,True
2023-09-13 10:00:00,seed_generator,2023-09-17 10:00:00,seed_generator,PO0000144,KE-2024-00000144,CU000088,Travel,2024-07-25,2025-07-25,192940.00,AG00012,BE0000144,BR0006,Active,159887.00,True
2023-10-16 10:00:00,seed_generator,2023-10-19 10:00:00,seed_generator,PO0000145,KE-2024-00000145,CU000217,Travel,2024-05-25,2025-05-25,142965.00,AG00024,BE0000145,BR0002,Active,992678.00,True
2025-09-04 10:00:00,seed_generator,2025-09-14 10:00:00,seed_generator,PO0000146,KE-2025-00000146,CU000078,Fire,2025-08-23,2026-08-23,89568.00,AG00009,BE0000146,BR0003,Expired,7354435.00,True
2025-01-26 10:00:00,seed_generator,2025-01-31 10:00:00,seed_generator,PO0000147,KE-2025-00000147,CU000182,Fire,2025-10-26,2026-10-26,152318.00,AG00040,BE0000147,BR0006,Active,9905943.00,True
2025-02-05 10:00:00,seed_generator,2025-02-28 10:00:00,seed_generator,PO0000148,KE-2025-00000148,CU000177,Medical,2025-01-22,2026-01-22,82205.00,AG00009,BE0000148,BR0003,Expired,2432643.00,True
2025-11-13 10:00:00,seed_generator,2025-11-18 10:00:00,seed_generator,PO0000149,KE-2025-00000149,CU000155,Fire,2025-08-04,2026-08-04,88418.00,AG00040,BE0000149,BR0004,Cancelled,1771679.00,True
2025-01-11 10:00:00,seed_generator,2025-02-03 10:00:00,seed_generator,PO0000150,KE-2024-00000150,CU000020,Fire,2024-05-24,2025-05-24,67389.00,AG00023,BE0000150,BR0006,Active,14878209.00,True
2024-03-02 10:00:00,seed_generator,2024-03-25 10:00:00,seed_generator,PO0000151,KE-2025-00000151,CU000227,Motor,2025-11-17,2026-11-17,93014.00,AG00029,BE0000151,BR0001,Active,2108300.00,True
2025-03-29 10:00:00,seed_generator,2025-04-23 10:00:00,seed_generator,PO0000152,KE-2024-00000152,CU000028,Motor,2024-12-24,2025-12-24,193852.00,AG00001,BE0000152,BR0001,Active,3535306.00,True
2024-07-30 10:00:00,seed_generator,2024-08-27 10:00:00,seed_generator,PO0000153,KE-2025-00000153,CU000097,Medical,2025-02-27,2026-02-27,97073.00,AG00035,BE0000153,BR0007,Active,2041123.00,True
2023-11-01 10:00:00,seed_generator,2023-11-22 10:00:00,seed_generator,PO0000154,KE-2025-00000154,CU000058,Travel,2025-10-28,2026-10-28,47639.00,AG00029,BE0000154,BR0002,Expired,40035.00,True
2025-01-24 10:00:00,seed_generator,2025-02-01 10:00:00,seed_generator,PO0000155,KE-2024-00000155,CU000244,Life,2024-01-21,2025-01-20,32453.00,AG00005,BE0000155,BR0006,Active,6319138.00,True
2024-06-04 10:00:00,seed_generator,2024-07-04 10:00:00,seed_generator,PO0000156,KE-2024-00000156,CU000230,Medical,2024-03-17,2025-03-17,29406.00,AG00022,BE0000156,BR0010,Pending,2054744.00,True
2024-02-16 10:00:00,seed_generator,2024-02-21 10:00:00,seed_generator,PO0000157,KE-2025-00000157,CU000156,Motor,2025-03-17,2026-03-17,238243.00,AG00028,BE0000157,BR0003,Active,2792422.00,True
2024-10-23 10:00:00,seed_generator,2024-11-14 10:00:00,seed_generator,PO0000158,KE-2024-00000158,CU000142,Medical,2024-07-13,2025-07-13,194277.00,AG00035,BE0000158,BR0005,Cancelled,1277388.00,True
2025-10-27 10:00:00,seed_generator,2025-11-08 10:00:00,seed_generator,PO0000159,KE-2024-00000159,CU000147,Medical,2024-04-08,2025-04-08,149090.00,AG00032,BE0000159,BR0003,Active,46003.00,True
2025-02-18 10:00:00,seed_generator,2025-03-16 10:00:00,seed_generator,PO0000160,KE-2024-00000160,CU000170,Fire,2024-03-30,2025-03-30,168863.00,AG00039,BE0000160,BR0008,Active,456773.00,True
2024-03-03 10:00:00,seed_generator,2024-03-12 10:00:00,seed_generator,PO0000161,KE-2024-00000161,CU000021,Medical,2024-06-23,2025-06-23,129143.00,AG00008,BE0000161,BR0005,Expired,2005284.00,True
2025-03-20 10:00:00,seed_generator,2025-03-22 10:00:00,seed_generator,PO0000162,KE-2025-00000162,CU000165,Fire,2025-11-07,2026-11-07,147639.00,AG00025,BE0000162,BR0003,Active,6424588.00,True
2024-09-16 10:00:00,seed_generator,2024-09-17 10:00:00,seed_generator,PO0000163,KE-2024-00000163,CU000068,Life,2024-07-10,2025-07-10,120275.00,AG00030,BE0000163,BR0005,Active,4525722.00,True
2025-07-15 10:00:00,seed_generator,2025-08-08 10:00:00,seed_generator,PO0000164,KE-2024-00000164,CU000179,Travel,2024-03-04,2025-03-04,179972.00,AG00007,BE0000164,BR0002,Cancelled,852438.00,True
2023-11-03 10:00:00,seed_generator,2023-11-21 10:00:00,seed_generator,PO0000165,KE-2025-00000165,CU000059,Travel,2025-02-27,2026-02-27,150123.00,AG00004,BE0000165,BR0007,Expired,443967.00,True
2024-05-09 10:00:00,seed_generator,2024-06-06 10:00:00,seed_generator,PO0000166,KE-2025-00000166,CU000061,Travel,2025-05-01,2026-05-01,129849.00,AG00020,BE0000166,BR0002,Active,900420.00,True
2024-05-11 10:00:00,seed_generator,2024-06-08 10:00:00,seed_generator,PO0000167,KE-2025-00000167,CU000133,Motor,2025-05-29,2026-05-29,214833.00,AG00037,BE0000167,BR0011,Pending,1251880.00,True
2025-06-22 10:00:00,seed_generator,2025-07-22 10:00:00,seed_generator,PO0000168,KE-2025-00000168,CU000043,Motor,2025-04-04,2026-04-04,60545.00,AG00013,BE0000168,BR0003,Active,672402.00,True
2023-08-27 10:00:00,seed_generator,2023-09-16 10:00:00,seed_generator,PO0000169,KE-2024-00000169,CU000038,Fire,2024-07-25,2025-07-25,223656.00,AG00039,BE0000169,BR0005,Active,12223764.00,True
2024-11-14 10:00:00,seed_generator,2024-12-01 10:00:00,seed_generator,PO0000170,KE-2024-00000170,CU000102,Motor,2024-03-30,2025-03-30,149717.00,AG00021,BE0000170,BR0005,Active,118715.00,True
2024-06-29 10:00:00,seed_generator,2024-07-24 10:00:00,seed_generator,PO0000171,KE-2025-00000171,CU000108,Travel,2025-08-24,2026-08-24,34496.00,AG00027,BE0000171,BR0003,Active,621493.00,True
2025-08-30 10:00:00,seed_generator,2025-09-17 10:00:00,seed_generator,PO0000172,KE-2024-00000172,CU000200,Travel,2024-04-12,2025-04-12,31474.00,AG00019,BE0000172,BR0009,Expired,925538.00,True
2024-11-19 10:00:00,seed_generator,2024-12-09 10:00:00,seed_generator,PO0000173,KE-2024-00000173,CU000125,Fire,2024-09-27,2025-09-27,154952.00,AG00039,BE0000173,BR0008,Active,4645682.00,True
2024-03-23 10:00:00,seed_generator,2024-04-11 10:00:00,seed_generator,PO0000174,KE-2024-00000174,CU000175,Fire,2024-05-27,2025-05-27,186839.00,AG00026,BE0000174,BR0001,Active,14771462.00,True
2025-10-27 10:00:00,seed_generator,2025-11-19 10:00:00,seed_generator,PO0000175,KE-2024-00000175,CU000122,Life,2024-08-31,2025-08-31,246391.00,AG00018,BE0000175,BR0006,Active,5104418.00,True
2023-08-06 10:00:00,seed_generator,2023-08-21 10:00:00,seed_generator,PO0000176,KE-2024-00000176,CU000220,Life,2024-10-14,2025-10-14,187500.00,AG00007,BE0000176,BR0004,Active,7454162.00,True
2023-12-01 10:00:00,seed_generator,2023-12-14 10:00:00,seed_generator,PO0000177,KE-2024-00000177,CU000155,Life,2024-10-02,2025-10-02,174228.00,AG00006,BE0000177,BR0004,Active,6851185.00,True
2024-11-29 10:00:00,seed_generator,2024-12-25 10:00:00,seed_generator,PO0000178,KE-2025-00000178,CU000015,Fire,2025-06-12,2026-06-12,140074.00,AG00011,BE0000178,BR0002,Active,8527613.00,True
2023-10-09 10:00:00,seed_generator,2023-11-05 10:00:00,seed_generator,PO0000179,KE-2024-00000179,CU000135,Fire,2024-05-18,2025-05-18,235511.00,AG00037,BE0000179,BR0001,Active,14708093.00,True
2025-04-05 10:00:00,seed_generator,2025-04-06 10:00:00,seed_generator,PO0000180,KE-2024-00000180,CU000117,Medical,2024-02-29,2025-02-28,18253.00,AG00024,BE0000180,BR0012,Active,1574979.00,True
2024-11-05 10:00:00,seed_generator,2024-11-25 10:00:00,seed_generator,PO0000181,KE-2025-00000181,CU000237,Fire,2025-06-01,2026-06-01,37472.00,AG00002,BE0000181,BR0004,Active,9991397.00,True
2024-08-18 10:00:00,seed_generator,2024-09-05 10:00:00,seed_generator,PO0000182,KE-2024-00000182,CU000142,Fire,2024-06-30,2025-06-30,96687.00,AG00023,BE0000182,BR0003,Expired,4364593.00,True
2025-11-18 10:00:00,seed_generator,2025-11-30 10:00:00,seed_generator,PO0000183,KE-2024-00000183,CU000013,Motor,2024-10-18,2025-10-18,47705.00,AG00037,BE0000183,BR0004,Expired,1903376.00,True
2024-02-18 10:00:00,seed_generator,2024-03-02 10:00:00,seed_generator,PO0000184,KE-2024-00000184,CU000132,Medical,2024-10-02,2025-10-02,10256.00,AG00001,BE0000184,BR0008,Expired,756456.00,True
2025-05-01 10:00:00,seed_generator,2025-05-09 10:00:00,seed_generator,PO0000185,KE-2024-00000185,CU000156,Travel,2024-01-09,2025-01-08,216048.00,AG00020,BE0000185,BR0012,Pending,678962.00,True
2024-11-26 10:00:00,seed_generator,2024-12-23 10:00:00,seed_generator,PO0000186,KE-2025-00000186,CU000090,Life,2025-03-09,2026-03-09,125323.00,AG00017,BE0000186,BR0004,Active,8754854.00,True
2024-04-27 10:00:00,seed_generator,2024-04-30 10:00:00,seed_generator,PO0000187,KE-2025-00000187,CU000002,Travel,2025-02-10,2026-02-10,139090.00,AG00024,BE0000187,BR0009,Cancelled,643635.00,True
2024-01-16 10:00:00,seed_generator,2024-01-19 10:00:00,seed_generator,PO0000188,KE-2024-00000188,CU000124,Life,2024-11-01,2025-11-01,21734.00,AG00022,BE0000188,BR0005,Cancelled,4665358.00,True
2023-12-19 10:00:00,seed_generator,2024-01-18 10:00:00,seed_generator,PO0000189,KE-2025-00000189,CU000229,Life,2025-11-02,2026-11-02,175778.00,AG00020,BE0000189,BR0004,Active,4051599.00,True
2024-10-29 10:00:00,seed_generator,2024-11-19 10:00:00,seed_generator,PO0000190,KE-2025-00000190,CU000082,Motor,2025-09-06,2026-09-06,183456.00,AG00009,BE0000190,BR0012,Active,4187265.00,True
2024-10-14 10:00:00,seed_generator,2024-10-26 10:00:00,seed_generator,PO0000191,KE-2024-00000191,CU000100,Life,2024-09-22,2025-09-22,198129.00,AG00003,BE0000191,BR0010,Expired,9617279.00,True
2023-12-04 10:00:00,seed_generator,2023-12-26 10:00:00,seed_generator,PO0000192,KE-2024-00000192,CU000057,Medical,2024-12-17,2025-12-17,184914.00,AG00035,BE0000192,BR0011,Expired,1533645.00,True
2023-08-04 10:00:00,seed_generator,2023-08-09 10:00:00,seed_generator,PO0000193,KE-2024-00000193,CU000216,Travel,2024-11-03,2025-11-03,177389.00,AG00036,BE0000193,BR0003,Active,498649.00,True
2023-12-05 10:00:00,seed_generator,2023-12-30 10:00:00,seed_generator,PO0000194,KE-2024-00000194,CU000144,Medical,2024-09-21,2025-09-21,204994.00,AG00012,BE0000194,BR0011,Expired,404550.00,True
2025-05-02 10:00:00,seed_generator,2025-05-25 10:00:00,seed_generator,PO0000195,KE-2024-00000195,CU000224,Medical,2024-12-29,2025-12-29,85500.00,AG00027,BE0000195,BR0006,Active,2486061.00,True
2025-08-18 10:00:00,seed_generator,2025-09-02 10:00:00,seed_generator,PO0000196,KE-2025-00000196,CU000014,Life,2025-04-19,2026-04-19,232119.00,AG00038,BE0000196,BR0010,Pending,1214801.00,True
2024-07-22 10:00:00,seed_generator,2024-07-25 10:00:00,seed_generator,PO0000197,KE-2024-00000197,CU000223,Fire,2024-07-18,2025-07-18,183440.00,AG00025,BE0000197,BR0009,Active,932009.00,True
2025-05-25 10:00:00,seed_generator,2025-06-04 10:00:00,seed_generator,PO0000198,KE-2024-00000198,CU000105,Medical,2024-05-20,2025-05-20,154265.00,AG00030,BE0000198,BR0003,Active,786471.00,True
2025-01-10 10:00:00,seed_generator,2025-01-30 10:00:00,seed_generator,PO0000199,KE-2025-00000199,CU000046,Motor,2025-05-14,2026-05-14,87159.00,AG00004,BE0000199,BR0001,Active,1771426.00,True
2023-10-26 10:00:00,seed_generator,2023-10-31 10:00:00,seed_generator,PO0000200,KE-2025-00000200,CU000126,Medical,2025-08-13,2026-08-13,210838.00,AG00006,BE0000200,BR0003,Cancelled,1831074.00,True
2024-08-15 10:00:00,seed_generator,2024-08-27 10:00:00,seed_generator,PO0000201,KE-2025-00000201,CU000002,Fire,2025-03-15,2026-03-15,14889.00,AG00035,BE0000201,BR0004,Expired,261174.00,True
2025-06-04 10:00:00,seed_generator,2025-06-04 10:00:00,seed_generator,PO0000202,KE-2025-00000202,CU000174,Life,2025-06-27,2026-06-27,6081.00,AG00016,BE0000202,BR0004,Expired,5797230.00,True
2025-09-02 10:00:00,seed_generator,2025-09-14 10:00:00,seed_generator,PO0000203,KE-2024-00000203,CU000129,Life,2024-05-12,2025-05-12,159316.00,AG00020,BE0000203,BR0003,Active,787026.00,True
2024-09-06 10:00:00,seed_generator,2024-09-29 10:00:00,seed_generator,PO0000204,KE-2024-00000204,CU000134,Life,2024-10-24,2025-10-24,161334.00,AG00034,BE0000204,BR0006,Active,2264614.00,True
2024-12-14 10:00:00,seed_generator,2025-01-07 10:00:00,seed_generator,PO0000205,KE-2025-00000205,CU000049,Life,2025-05-16,2026-05-16,48223.00,AG00026,BE0000205,BR0001,Active,2221267.00,True
2024-04-22 10:00:00,seed_generator,2024-05-08 10:00:00,seed_generator,PO0000206,KE-2024-00000206,CU000044,Medical,2024-01-23,2025-01-22,37286.00,AG00024,BE0000206,BR0012,Cancelled,186713.00,True
2025-03-30 10:00:00,seed_generator,2025-04-23 10:00:00,seed_generator,PO0000207,KE-2025-00000207,CU000137,Fire,2025-10-17,2026-10-17,168351.00,AG00004,BE0000207,BR0010,Pending,11131012.00,True
2023-08-13 10:00:00,seed_generator,2023-08-13 10:00:00,seed_generator,PO0000208,KE-2025-00000208,CU000013,Motor,2025-10-31,2026-10-31,185813.00,AG00008,BE0000208,BR0007,Active,1051790.00,True
2024-08-18 10:00:00,seed_generator,2024-09-09 10:00:00,seed_generator,PO0000209,KE-2024-00000209,CU000040,Travel,2024-09-15,2025-09-15,58869.00,AG00001,BE0000209,BR0005,Active,110885.00,True
2024-03-19 10:00:00,seed_generator,2024-04-07 10:00:00,seed_generator,PO0000210,KE-2024-00000210,CU000180,Travel,2024-10-03,2025-10-03,40956.00,AG00027,BE0000210,BR0002,Active,652703.00,True
2025-08-22 10:00:00,seed_generator,2025-09-16 10:00:00,seed_generator,PO0000211,KE-2024-00000211,CU000028,Motor,2024-10-16,2025-10-16,135479.00,AG00013,BE0000211,BR0010,Active,2221152.00,True
2024-12-15 10:00:00,seed_generator,2025-01-06 10:00:00,seed_generator,PO0000212,KE-2024-00000212,CU000105,Travel,2024-07-25,2025-07-25,82424.00,AG00011,BE0000212,BR0001,Active,959578.00,True
2025-01-12 10:00:00,seed_generator,2025-01-19 10:00:00,seed_generator,PO0000213,KE-2025-00000213,CU000001,Medical,2025-05-07,2026-05-07,8342.00,AG00006,BE0000213,BR0002,Expired,2102422.00,True
2023-10-10 10:00:00,seed_generator,2023-10-26 10:00:00,seed_generator,PO0000214,KE-2024-00000214,CU000020,Medical,2024-04-02,2025-04-02,194677.00,AG00007,BE0000214,BR0005,Cancelled,1945753.00,True
2024-08-28 10:00:00,seed_generator,2024-08-29 10:00:00,seed_generator,PO0000215,KE-2024-00000215,CU000026,Life,2024-09-27,2025-09-27,218169.00,AG00012,BE0000215,BR0001,Expired,6063399.00,True
2023-11-21 10:00:00,seed_generator,2023-11-24 10:00:00,seed_generator,PO0000216,KE-2025-00000216,CU000025,Life,2025-03-12,2026-03-12,228149.00,AG00003,BE0000216,BR0001,Expired,2880721.00,True
2024-09-24 10:00:00,seed_generator,2024-10-24 10:00:00,seed_generator,PO0000217,KE-2025-00000217,CU000160,Life,2025-01-01,2026-01-01,75335.00,AG00006,BE0000217,BR0006,Expired,3088039.00,True
2024-11-02 10:00:00,seed_generator,2024-12-02 10:00:00,seed_generator,PO0000218,KE-2025-00000218,CU000117,Motor,2025-02-14,2026-02-14,76259.00,AG00025,BE0000218,BR0012,Expired,3552810.00,True
2025-08-03 10:00:00,seed_generator,2025-08-25 10:00:00,seed_generator,PO0000219,KE-2024-00000219,CU000186,Medical,2024-04-25,2025-04-25,20373.00,AG00011,BE0000219,BR0002,Active,2054485.00,True
2024-09-24 10:00:00,seed_generator,2024-09-29 10:00:00,seed_generator,PO0000220,KE-2025-00000220,CU000157,Travel,2025-11-25,2026-11-25,104549.00,AG00023,BE0000220,BR0010,Active,722712.00,True
2024-08-04 10:00:00,seed_generator,2024-08-07 10:00:00,seed_generator,PO0000221,KE-2025-00000221,CU000228,Medical,2025-05-09,2026-05-09,112815.00,AG00029,BE0000221,BR0001,Active,1348009.00,True
2024-06-27 10:00:00,seed_generator,2024-07-21 10:00:00,seed_generator,PO0000222,KE-2025-00000222,CU000191,Motor,2025-11-25,2026-11-25,156165.00,AG00037,BE0000222,BR0004,Pending,2852871.00,True
2024-01-12 10:00:00,seed_generator,2024-02-03 10:00:00,seed_generator,PO0000223,KE-2025-00000223,CU000159,Travel,2025-06-19,2026-06-19,29967.00,AG00028,BE0000223,BR0011,Expired,510339.00,True
2024-01-24 10:00:00,seed_generator,2024-02-13 10:00:00,seed_generator,PO0000224,KE-2025-00000224,CU000099,Life,2025-11-10,2026-11-10,43968.00,AG00036,BE0000224,BR0010,Active,2652804.00,True
2024-07-27 10:00:00,seed_generator,2024-08-23 10:00:00,seed_generator,PO0000225,KE-2025-00000225,CU000043,Travel,2025-04-25,2026-04-25,24625.00,AG00032,BE0000225,BR0006,Active,296668.00,True
2025-05-02 10:00:00,seed_generator,2025-05-19 10:00:00,seed_generator,PO0000226,KE-2025-00000226,CU000165,Motor,2025-06-03,2026-06-03,104257.00,AG00026,BE0000226,BR0004,Active,3741126.00,True
2025-09-17 10:00:00,seed_generator,2025-10-14 10:00:00,seed_generator,PO0000227,KE-2025-00000227,CU000128,Travel,2025-04-03,2026-04-03,122196.00,AG00021,BE0000227,BR0002,Pending,786439.00,True
2024-10-29 10:00:00,seed_generator,2024-11-11 10:00:00,seed_generator,PO0000228,KE-2024-00000228,CU000010,Motor,2024-04-15,2025-04-15,151048.00,AG00036,BE0000228,BR0001,Expired,2570152.00,True
2025-05-19 10:00:00,seed_generator,2025-06-08 10:00:00,seed_generator,PO0000229,KE-2025-00000229,CU000172,Travel,2025-07-29,2026-07-29,124592.00,AG00022,BE0000229,BR0006,Expired,861255.00,True
2025-01-11 10:00:00,seed_generator,2025-01-28 10:00:00,seed_generator,PO0000230,KE-2025-00000230,CU000197,Medical,2025-04-10,2026-04-10,167465.00,AG00039,BE0000230,BR0008,Expired,1553767.00,True
2025-09-08 10:00:00,seed_generator,2025-10-02 10:00:00,seed_generator,PO0000231,KE-2024-00000231,CU000169,Fire,2024-04-26,2025-04-26,63129.00,AG00001,BE0000231,BR0006,Active,10656070.00,True
2024-06-30 10:00:00,seed_generator,2024-07-11 10:00:00,seed_generator,PO0000232,KE-2025-00000232,CU000180,Life,2025-07-14,2026-07-14,32871.00,AG00003,BE0000232,BR0003,Active,6885417.00,True
2024-03-31 10:00:00,seed_generator,2024-04-06 10:00:00,seed_generator,PO0000233,KE-2024-00000233,CU000049,Motor,2024-09-17,2025-09-17,36652.00,AG00026,BE0000233,BR0004,Active,1613690.00,True
2023-11-02 10:00:00,seed_generator,2023-11-15 10:00:00,seed_generator,PO0000234,KE-2024-00000234,CU000012,Life,2024-04-20,2025-04-20,247909.00,AG00038,BE0000234,BR0002,Expired,7578212.00,True
2024-04-22 10:00:00,seed_generator,2024-05-22 10:00:00,seed_generator,PO0000235,KE-2025-00000235,CU000130,Fire,2025-11-05,2026-11-05,40294.00,AG00032,BE0000235,BR0001,Active,839896.00,True
2023-08-11 10:00:00,seed_generator,2023-08-29 10:00:00,seed_generator,PO0000236,KE-2025-00000236,CU000124,Travel,2025-03-19,2026-03-19,247318.00,AG00033,BE0000236,BR0003,Expired,187085.00,True
2024-11-15 10:00:00,seed_generator,2024-12-06 10:00:00,seed_generator,PO0000237,KE-2024-00000237,CU000154,Medical,2024-04-16,2025-04-16,163901.00,AG00021,BE0000237,BR0009,Expired,1786007.00,True
2025-03-11 10:00:00,seed_generator,2025-03-23 10:00:00,seed_generator,PO0000238,KE-2024-00000238,CU000247,Travel,2024-09-11,2025-09-11,94878.00,AG00019,BE0000238,BR0008,Expired,149892.00,True
2023-12-31 10:00:00,seed_generator,2024-01-28 10:00:00,seed_generator,PO0000239,KE-2025-00000239,CU000192,Fire,2025-09-08,2026-09-08,139294.00,AG00020,BE0000239,BR0012,Active,5291549.00,True
2025-05-08 10:00:00,seed_generator,2025-05-14 10:00:00,seed_generator,PO0000240,KE-2025-00000240,CU000054,Travel,2025-10-09,2026-10-09,168621.00,AG00019,BE0000240,BR0011,Active,710034.00,True
2025-06-17 10:00:00,seed_generator,2025-07-03 10:00:00,seed_generator,PO0000241,KE-2025-00000241,CU000139,Medical,2025-10-27,2026-10-27,187009.00,AG00021,BE0000241,BR0012,Active,1507392.00,True
2024-04-29 10:00:00,seed_generator,2024-05-17 10:00:00,seed_generator,PO0000242,KE-2025-00000242,CU000242,Travel,2025-05-06,2026-05-06,179891.00,AG00027,BE0000242,BR0011,Expired,887260.00,True
2023-08-02 10:00:00,seed_generator,2023-08-15 10:00:00,seed_generator,PO0000243,KE-2024-00000243,CU000207,Travel,2024-10-19,2025-10-19,8347.00,AG00034,BE0000243,BR0002,Active,157386.00,True
2025-10-20 10:00:00,seed_generator,2025-10-26 10:00:00,seed_generator,PO0000244,KE-2025-00000244,CU000069,Motor,2025-11-17,2026-11-17,201656.00,AG00011,BE0000244,BR0005,Expired,1243330.00,True
2025-05-22 10:00:00,seed_generator,2025-06-15 10:00:00,seed_generator,PO0000245,KE-2024-00000245,CU000139,Motor,2024-10-29,2025-10-29,13468.00,AG00023,BE0000245,BR0008,Active,4728432.00,True
2024-05-21 10:00:00,seed_generator,2024-06-02 10:00:00,seed_generator,PO0000246,KE-2025-00000246,CU000061,Medical,2025-10-24,2026-10-24,138935.00,AG00019,BE0000246,BR0012,Cancelled,1630473.00,True
2023-10-01 10:00:00,seed_generator,2023-10-22 10:00:00,seed_generator,PO0000247,KE-2025-00000247,CU000081,Fire,2025-03-02,2026-03-02,149736.00,AG00004,BE0000247,BR0001,Expired,3432238.00,True
2023-08-20 10:00:00,seed_generator,2023-08-27 10:00:00,seed_generator,PO0000248,KE-2025-00000248,CU000234,Travel,2025-03-29,2026-03-29,171143.00,AG00024,BE0000248,BR0010,Active,637697.00,True
2025-02-18 10:00:00,seed_generator,2025-03-04 10:00:00,seed_generator,PO0000249,KE-2024-00000249,CU000046,Medical,2024-07-17,2025-07-17,183954.00,AG00005,BE0000249,BR0003,Pending,2185229.00,True
2025-11-05 10:00:00,seed_generator,2025-11-18 10:00:00,seed_generator,PO0000250,KE-2025-00000250,CU000072,Motor,2025-01-21,2026-01-21,150908.00,AG00017,BE0000250,BR0003,Active,2154230.00,True
2024-08-26 10:00:00,seed_generator,2024-09-17 10:00:00,seed_generator,PO0000251,KE-2024-00000251,CU000240,Motor,2024-12-04,2025-12-04,45581.00,AG00003,BE0000251,BR0003,Expired,441606.00,True
2025-02-11 10:00:00,seed_generator,2025-02-26 10:00:00,seed_generator,PO0000252,KE-2025-00000252,CU000203,Travel,2025-11-08,2026-11-08,155123.00,AG00036,BE0000252,BR0006,Active,747057.00,True
2025-05-05 10:00:00,seed_generator,2025-06-04 10:00:00,seed_generator,PO0000253,KE-2025-00000253,CU000048,Life,2025-06-22,2026-06-22,141473.00,AG00005,BE0000253,BR0009,Active,9131373.00,True
2025-09-13 10:00:00,seed_generator,2025-09-24 10:00:00,seed_generator,PO0000254,KE-2025-00000254,CU000057,Travel,2025-02-17,2026-02-17,236577.00,AG00014,BE0000254,BR0011,Active,383323.00,True
2023-11-07 10:00:00,seed_generator,2023-11-26 10:00:00,seed_generator,PO0000255,KE-2024-00000255,CU000136,Life,2024-08-11,2025-08-11,129480.00,AG00036,BE0000255,BR0011,Active,5825039.00,True
2024-02-28 10:00:00,seed_generator,2024-03-18 10:00:00,seed_generator,PO0000256,KE-2024-00000256,CU000236,Fire,2024-09-03,2025-09-03,167825.00,AG00016,BE0000256,BR0001,Expired,5409429.00,True
2024-11-16 10:00:00,seed_generator,2024-11-24 10:00:00,seed_generator,PO0000257,KE-2024-00000257,CU000139,Fire,2024-04-26,2025-04-26,194785.00,AG00019,BE0000257,BR0001,Expired,13817701.00,True
2023-09-16 10:00:00,seed_generator,2023-10-02 10:00:00,seed_generator,PO0000258,KE-2025-00000258,CU000115,Life,2025-06-10,2026-06-10,132612.00,AG00003,BE0000258,BR0005,Expired,3249821.00,True
2025-09-23 10:00:00,seed_generator,2025-10-23 10:00:00,seed_generator,PO0000259,KE-2025-00000259,CU000025,Life,2025-06-10,2026-06-10,48881.00,AG00035,BE0000259,BR0009,Active,1118434.00,True
2024-03-12 10:00:00,seed_generator,2024-04-05 10:00:00,seed_generator,PO0000260,KE-2025-00000260,CU000055,Medical,2025-11-17,2026-11-17,231741.00,AG00028,BE0000260,BR0002,Active,1855519.00,True
2025-11-22 10:00:00,seed_generator,2025-12-06 10:00:00,seed_generator,PO0000261,KE-2024-00000261,CU000184,Motor,2024-06-06,2025-06-06,91957.00,AG00003,BE0000261,BR0002,Active,1508106.00,True
2025-10-05 10:00:00,seed_generator,2025-10-23 10:00:00,seed_generator,PO0000262,KE-2025-00000262,CU000211,Life,2025-07-25,2026-07-25,64675.00,AG00017,BE0000262,BR0007,Active,6805511.00,True
2025-11-29 10:00:00,seed_generator,2025-12-11 10:00:00,seed_generator,PO0000263,KE-2024-00000263,CU000173,Fire,2024-11-19,2025-11-19,36013.00,AG00035,BE0000263,BR0001,Cancelled,10399180.00,True
2025-10-31 10:00:00,seed_generator,2025-11-22 10:00:00,seed_generator,PO0000264,KE-2025-00000264,CU000218,Motor,2025-08-22,2026-08-22,24028.00,AG00023,BE0000264,BR0009,Active,2542912.00,True
2025-03-03 10:00:00,seed_generator,2025-03-27 10:00:00,seed_generator,PO0000265,KE-2024-00000265,CU000238,Travel,2024-03-29,2025-03-29,119734.00,AG00025,BE0000265,BR0007,Expired,37316.00,True
2024-06-18 10:00:00,seed_generator,2024-06-25 10:00:00,seed_generator,PO0000266,KE-2024-00000266,CU000035,Fire,2024-06-09,2025-06-09,200757.00,AG00026,BE0000266,BR0009,Active,10662521.00,True
2024-01-23 10:00:00,seed_generator,2024-02-20 10:00:00,seed_generator,PO0000267,KE-2024-00000267,CU000235,Medical,2024-11-01,2025-11-01,213408.00,AG00024,BE0000267,BR0001,Active,2358131.00,True
2025-11-04 10:00:00,seed_generator,2025-11-04 10:00:00,seed_generator,PO0000268,KE-2024-00000268,CU000147,Medical,2024-05-06,2025-05-06,161409.00,AG00026,BE0000268,BR0009,Active,387047.00,True
2023-11-11 10:00:00,seed_generator,2023-12-04 10:00:00,seed_generator,PO0000269,KE-2024-00000269,CU000232,Life,2024-08-03,2025-08-03,195300.00,AG00023,BE0000269,BR0004,Active,8619207.00,True
2025-06-11 10:00:00,seed_generator,2025-06-18 10:00:00,seed_generator,PO0000270,KE-2024-00000270,CU000158,Medical,2024-06-13,2025-06-13,223824.00,AG00017,BE0000270,BR0004,Active,2409397.00,True
2024-08-31 10:00:00,seed_generator,2024-09-20 10:00:00,seed_generator,PO0000271,KE-2025-00000271,CU000141,Motor,2025-07-16,2026-07-16,24174.00,AG00019,BE0000271,BR0011,Active,838781.00,True
2024-08-05 10:00:00,seed_generator,2024-09-04 10:00:00,seed_generator,PO0000272,KE-2025-00000272,CU000085,Medical,2025-08-17,2026-08-17,98621.00,AG00009,BE0000272,BR0011,Cancelled,449619.00,True
2025-10-06 10:00:00,seed_generator,2025-11-03 10:00:00,seed_generator,PO0000273,KE-2025-00000273,CU000050,Life,2025-09-26,2026-09-26,88305.00,AG00032,BE0000273,BR0008,Active,5148383.00,True
2024-05-16 10:00:00,seed_generator,2024-06-03 10:00:00,seed_generator,PO0000274,KE-2024-00000274,CU000094,Travel,2024-06-05,2025-06-05,216733.00,AG00021,BE0000274,BR0007,Active,333429.00,True
2023-12-18 10:00:00,seed_generator,2024-01-10 10:00:00,seed_generator,PO0000275,KE-2024-00000275,CU000165,Medical,2024-08-14,2025-08-14,119327.00,AG00018,BE0000275,BR0006,Active,1420675.00,True
2024-09-16 10:00:00,seed_generator,2024-09-27 10:00:00,seed_generator,PO0000276,KE-2025-00000276,CU000199,Fire,2025-04-18,2026-04-18,85077.00,AG00032,BE0000276,BR0009,Active,10855558.00,True
2023-08-08 10:00:00,seed_generator,2023-08-16 10:00:00,seed_generator,PO0000277,KE-2024-00000277,CU000220,Travel,2024-03-24,2025-03-24,221647.00,AG00009,BE0000277,BR0009,Active,774177.00,True
2025-11-27 10:00:00,seed_generator,2025-12-24 10:00:00,seed_generator,PO0000278,KE-2024-00000278,CU000130,Motor,2024-03-18,2025-03-18,170577.00,AG00002,BE0000278,BR0010,Active,4964583.00,True
2024-05-31 10:00:00,seed_generator,2024-06-08 10:00:00,seed_generator,PO0000279,KE-2024-00000279,CU000140,Medical,2024-02-07,2025-02-06,239353.00,AG00035,BE0000279,BR0008,Cancelled,653411.00,True
2025-05-02 10:00:00,seed_generator,2025-05-30 10:00:00,seed_generator,PO0000280,KE-2025-00000280,CU000198,Life,2025-02-05,2026-02-05,159560.00,AG00019,BE0000280,BR0003,Active,8583292.00,True
2024-12-09 10:00:00,seed_generator,2024-12-25 10:00:00,seed_generator,PO0000281,KE-2025-00000281,CU000003,Motor,2025-02-10,2026-02-10,178717.00,AG00016,BE0000281,BR0010,Expired,4327891.00,True
2025-07-06 10:00:00,seed_generator,2025-07-11 10:00:00,seed_generator,PO0000282,KE-2025-00000282,CU000145,Medical,2025-04-01,2026-04-01,153324.00,AG00010,BE0000282,BR0012,Expired,1534897.00,True
2023-10-29 10:00:00,seed_generator,2023-11-13 10:00:00,seed_generator,PO0000283,KE-2024-00000283,CU000060,Motor,2024-08-12,2025-08-12,21478.00,AG00017,BE0000283,BR0006,Active,1749546.00,True
2024-11-14 10:00:00,seed_generator,2024-11-29 10:00:00,seed_generator,PO0000284,KE-2025-00000284,CU000235,Travel,2025-01-04,2026-01-04,124182.00,AG00003,BE0000284,BR0001,Pending,344813.00,True
2024-03-08 10:00:00,seed_generator,2024-04-03 10:00:00,seed_generator,PO0000285,KE-2025-00000285,CU000071,Motor,2025-06-17,2026-06-17,223856.00,AG00017,BE0000285,BR0010,Active,1473357.00,True
2024-11-24 10:00:00,seed_generator,2024-12-05 10:00:00,seed_generator,PO0000286,KE-2025-00000286,CU000151,Fire,2025-10-31,2026-10-31,176268.00,AG00005,BE0000286,BR0009,Active,3764628.00,True
2024-12-20 10:00:00,seed_generator,2025-01-15 10:00:00,seed_generator,PO0000287,KE-2025-00000287,CU000223,Travel,2025-02-19,2026-02-19,95448.00,AG00032,BE0000287,BR0008,Expired,11918.00,True
2024-09-22 10:00:00,seed_generator,2024-09-27 10:00:00,seed_generator,PO0000288,KE-2024-00000288,CU000059,Travel,2024-05-22,2025-05-22,25208.00,AG00033,BE0000288,BR0011,Active,162538.00,True
2024-12-11 10:00:00,seed_generator,2024-12-30 10:00:00,seed_generator,PO0000289,KE-2024-00000289,CU000184,Medical,2024-06-10,2025-06-10,219159.00,AG00008,BE0000289,BR0011,Active,1415063.00,True
2024-01-25 10:00:00,seed_generator,2024-02-09 10:00:00,seed_generator,PO0000290,KE-2025-00000290,CU000123,Motor,2025-05-08,2026-05-08,60234.00,AG00038,BE0000290,BR0003,Cancelled,3461872.00,True
2025-11-02 10:00:00,seed_generator,2025-11-06 10:00:00,seed_generator,PO0000291,KE-2024-00000291,CU000147,Motor,2024-09-06,2025-09-06,160280.00,AG00011,BE0000291,BR0003,Cancelled,343756.00,True
2025-10-20 10:00:00,seed_generator,2025-10-25 10:00:00,seed_generator,PO0000292,KE-2024-00000292,CU000067,Travel,2024-05-30,2025-05-30,246813.00,AG00012,BE0000292,BR0009,Pending,633471.00,True
2025-11-27 10:00:00,seed_generator,2025-12-25 10:00:00,seed_generator,PO0000293,KE-2025-00000293,CU000185,Travel,2025-10-14,2026-10-14,195834.00,AG00019,BE0000293,BR0002,Active,640988.00,True
2025-06-25 10:00:00,seed_generator,2025-07-02 10:00:00,seed_generator,PO0000294,KE-2025-00000294,CU000213,Fire,2025-05-08,2026-05-08,112680.00,AG00039,BE0000294,BR0003,Expired,13789920.00,True
2024-02-10 10:00:00,seed_generator,2024-02-26 10:00:00,seed_generator,PO0000295,KE-2025-00000295,CU000068,Medical,2025-09-30,2026-09-30,48967.00,AG00022,BE0000295,BR0008,Active,318748.00,True
2024-11-17 10:00:00,seed_generator,2024-11-21 10:00:00,seed_generator,PO0000296,KE-2025-00000296,CU000028,Medical,2025-01-22,2026-01-22,9341.00,AG00013,BE0000296,BR0009,Expired,2145437.00,True
2024-04-05 10:00:00,seed_generator,2024-04-08 10:00:00,seed_generator,PO0000297,KE-2024-00000297,CU000046,Fire,2024-06-02,2025-06-02,129746.00,AG00040,BE0000297,BR0010,Active,13176126.00,True
2023-11-07 10:00:00,seed_generator,2023-11-10 10:00:00,seed_generator,PO0000298,KE-2025-00000298,CU000024,Travel,2025-05-30,2026-05-30,131416.00,AG00009,BE0000298,BR0010,Active,6258.00,True
2024-10-12 10:00:00,seed_generator,2024-10-23 10:00:00,seed_generator,PO0000299,KE-2025-00000299,CU000224,Fire,2025-06-18,2026-06-18,16387.00,AG00034,BE0000299,BR0007,Active,13485363.00,True
2024-12-23 10:00:00,seed_generator,2025-01-10 10:00:00,seed_generator,PO0000300,KE-2025-00000300,CU000206,Fire,2025-01-25,2026-01-25,199351.00,AG00037,BE0000300,BR0002,Active,4295103.00,True
2025-09-22 10:00:00,seed_generator,2025-10-01 10:00:00,seed_generator,PO0000301,KE-2024-00000301,CU000154,Fire,2024-08-26,2025-08-26,234839.00,AG00035,BE0000301,BR0007,Active,116762.00,True
2024-06-29 10:00:00,seed_generator,2024-07-02 10:00:00,seed_generator,PO0000302,KE-2025-00000302,CU000134,Motor,2025-08-14,2026-08-14,6885.00,AG00025,BE0000302,BR0011,Active,2664975.00,True
2025-08-29 10:00:00,seed_generator,2025-09-02 10:00:00,seed_generator,PO0000303,KE-2025-00000303,CU000110,Fire,2025-01-05,2026-01-05,175806.00,AG00038,BE0000303,BR0005,Active,9019347.00,True
2024-12-07 10:00:00,seed_generator,2024-12-26 10:00:00,seed_generator,PO0000304,KE-2025-00000304,CU000071,Fire,2025-08-01,2026-08-01,183416.00,AG00026,BE0000304,BR0004,Active,13174787.00,True
2025-06-16 10:00:00,seed_generator,2025-06-27 10:00:00,seed_generator,PO0000305,KE-2025-00000305,CU000144,Travel,2025-05-09,2026-05-09,150466.00,AG00031,BE0000305,BR0005,Pending,610711.00,True
2023-11-24 10:00:00,seed_generator,2023-11-28 10:00:00,seed_generator,PO0000306,KE-2025-00000306,CU000219,Life,2025-02-11,2026-02-11,231447.00,AG00008,BE0000306,BR0012,Active,2734471.00,True
2024-07-14 10:00:00,seed_generator,2024-07-26 10:00:00,seed_generator,PO0000307,KE-2024-00000307,CU000202,Motor,2024-08-07,2025-08-07,93719.00,AG00036,BE0000307,BR0010,Expired,451650.00,True
2024-03-05 10:00:00,seed_generator,2024-03-05 10:00:00,seed_generator,PO0000308,KE-2025-00000308,CU000206,Medical,2025-02-02,2026-02-02,28878.00,AG00010,BE0000308,BR0008,Expired,1856105.00,True
2025-03-22 10:00:00,seed_generator,2025-03-29 10:00:00,seed_generator,PO0000309,KE-2024-00000309,CU000095,Motor,2024-03-06,2025-03-06,25981.00,AG00039,BE0000309,BR0001,Expired,3375852.00,True
2024-07-01 10:00:00,seed_generator,2024-07-10 10:00:00,seed_generator,PO0000310,KE-2025-00000310,CU000183,Travel,2025-11-02,2026-11-02,161623.00,AG00004,BE0000310,BR0003,Cancelled,465295.00,True
2023-07-30 10:00:00,seed_generator,2023-08-20 10:00:00,seed_generator,PO0000311,KE-2024-00000311,CU000239,Motor,2024-07-25,2025-07-25,215740.00,AG00034,BE0000311,BR0005,Active,4297785.00,True
2024-03-27 10:00:00,seed_generator,2024-04-01 10:00:00,seed_generator,PO0000312,KE-2024-00000312,CU000173,Travel,2024-08-25,2025-08-25,14453.00,AG00024,BE0000312,BR0004,Cancelled,170092.00,True
2023-10-10 10:00:00,seed_generator,2023-10-22 10:00:00,seed_generator,PO0000313,KE-2024-00000313,CU000091,Motor,2024-10-09,2025-10-09,180547.00,AG00026,BE0000313,BR0007,Active,4358140.00,True
2025-09-15 10:00:00,seed_generator,2025-10-02 10:00:00,seed_generator,PO0000314,KE-2024-00000314,CU000073,Motor,2024-03-11,2025-03-11,195352.00,AG00036,BE0000314,BR0010,Active,2334515.00,True
2025-05-31 10:00:00,seed_generator,2025-06-14 10:00:00,seed_generator,PO0000315,KE-2025-00000315,CU000239,Medical,2025-09-12,2026-09-12,110894.00,AG00037,BE0000315,BR0001,Active,1737646.00,True
2024-05-23 10:00:00,seed_generator,2024-05-25 10:00:00,seed_generator,PO0000316,KE-2024-00000316,CU000129,Travel,2024-04-19,2025-04-19,82136.00,AG00022,BE0000316,BR0002,Expired,275211.00,True
2025-04-04 10:00:00,seed_generator,2025-04-26 10:00:00,seed_generator,PO0000317,KE-2025-00000317,CU000114,Travel,2025-08-11,2026-08-11,103849.00,AG00037,BE0000317,BR0008,Expired,799268.00,True
2024-01-19 10:00:00,seed_generator,2024-02-02 10:00:00,seed_generator,PO0000318,KE-2025-00000318,CU000230,Life,2025-04-14,2026-04-14,158833.00,AG00002,BE0000318,BR0008,Active,1153372.00,True
2023-10-01 10:00:00,seed_generator,2023-10-08 10:00:00,seed_generator,PO0000319,KE-2025-00000319,CU000174,Fire,2025-10-10,2026-10-10,188809.00,AG00015,BE0000319,BR0006,Active,5948972.00,True
2025-12-07 10:00:00,seed_generator,2025-12-29 10:00:00,seed_generator,PO0000320,KE-2025-00000320,CU000214,Travel,2025-07-02,2026-07-02,74035.00,AG00016,BE0000320,BR0005,Active,711423.00,True
2024-05-28 10:00:00,seed_generator,2024-06-26 10:00:00,seed_generator,PO0000321,KE-2024-00000321,CU000046,Life,2024-03-18,2025-03-18,129926.00,AG00021,BE0000321,BR0006,Active,9645300.00,True
2023-11-13 10:00:00,seed_generator,2023-12-04 10:00:00,seed_generator,PO0000322,KE-2024-00000322,CU000239,Life,2024-07-06,2025-07-06,243532.00,AG00013,BE0000322,BR0008,Expired,3960319.00,True
2025-05-19 10:00:00,seed_generator,2025-05-26 10:00:00,seed_generator,PO0000323,KE-2024-00000323,CU000052,Medical,2024-09-28,2025-09-28,223874.00,AG00016,BE0000323,BR0010,Active,477487.00,True
2024-01-24 10:00:00,seed_generator,2024-02-23 10:00:00,seed_generator,PO0000324,KE-2024-00000324,CU000170,Motor,2024-03-21,2025-03-21,134149.00,AG00040,BE0000324,BR0001,Expired,4557212.00,True
2024-12-01 10:00:00,seed_generator,2024-12-20 10:00:00,seed_generator,PO0000325,KE-2025-00000325,CU000081,Motor,2025-05-08,2026-05-08,134064.00,AG00037,BE0000325,BR0005,Active,4302699.00,True
2025-05-03 10:00:00,seed_generator,2025-05-27 10:00:00,seed_generator,PO0000326,KE-2025-00000326,CU000148,Life,2025-02-11,2026-02-11,38618.00,AG00004,BE0000326,BR0009,Expired,8044879.00,True
2024-07-20 10:00:00,seed_generator,2024-07-31 10:00:00,seed_generator,PO0000327,KE-2024-00000327,CU000101,Travel,2024-02-03,2025-02-02,230548.00,AG00012,BE0000327,BR0008,Pending,737162.00,True
2025-01-27 10:00:00,seed_generator,2025-02-18 10:00:00,seed_generator,PO0000328,KE-2025-00000328,CU000003,Travel,2025-04-16,2026-04-16,8098.00,AG00014,BE0000328,BR0007,Active,346244.00,True
2025-03-26 10:00:00,seed_generator,2025-03-31 10:00:00,seed_generator,PO0000329,KE-2025-00000329,CU000141,Life,2025-09-19,2026-09-19,73904.00,AG00016,BE0000329,BR0005,Active,5776203.00,True
2024-07-24 10:00:00,seed_generator,2024-08-06 10:00:00,seed_generator,PO0000330,KE-2024-00000330,CU000054,Life,2024-07-07,2025-07-07,114862.00,AG00024,BE0000330,BR0006,Expired,4711405.00,True
2024-05-10 10:00:00,seed_generator,2024-05-14 10:00:00,seed_generator,PO0000331,KE-2024-00000331,CU000148,Fire,2024-07-03,2025-07-03,184833.00,AG00015,BE0000331,BR0002,Expired,13515351.00,True
2024-09-30 10:00:00,seed_generator,2024-10-27 10:00:00,seed_generator,PO0000332,KE-2025-00000332,CU000098,Medical,2025-07-22,2026-07-22,56396.00,AG00010,BE0000332,BR0012,Active,70862.00,True
2024-07-23 10:00:00,seed_generator,2024-07-27 10:00:00,seed_generator,PO0000333,KE-2025-00000333,CU000229,Medical,2025-03-07,2026-03-07,227662.00,AG00034,BE0000333,BR0009,Expired,2071033.00,True
2024-05-20 10:00:00,seed_generator,2024-06-16 10:00:00,seed_generator,PO0000334,KE-2024-00000334,CU000146,Life,2024-09-13,2025-09-13,17506.00,AG00026,BE0000334,BR0002,Expired,1027243.00,True
2024-08-16 10:00:00,seed_generator,2024-09-11 10:00:00,seed_generator,PO0000335,KE-2024-00000335,CU000162,Medical,2024-09-17,2025-09-17,30244.00,AG00029,BE0000335,BR0012,Active,1543984.00,True
2024-05-25 10:00:00,seed_generator,2024-06-23 10:00:00,seed_generator,PO0000336,KE-2025-00000336,CU000208,Life,2025-07-27,2026-07-27,72558.00,AG00023,BE0000336,BR0001,Active,5910320.00,True
2024-05-05 10:00:00,seed_generator,2024-05-23 10:00:00,seed_generator,PO0000337,KE-2024-00000337,CU000167,Travel,2024-07-22,2025-07-22,175165.00,AG00035,BE0000337,BR0003,Pending,303433.00,True
2024-01-27 10:00:00,seed_generator,2024-02-12 10:00:00,seed_generator,PO0000338,KE-2024-00000338,CU000125,Life,2024-11-28,2025-11-28,208094.00,AG00029,BE0000338,BR0002,Active,4827067.00,True
2025-07-21 10:00:00,seed_generator,2025-08-17 10:00:00,seed_generator,PO0000339,KE-2025-00000339,CU000043,Fire,2025-10-08,2026-10-08,172924.00,AG00022,BE0000339,BR0007,Cancelled,9615487.00,True
2025-09-26 10:00:00,seed_generator,2025-10-01 10:00:00,seed_generator,PO0000340,KE-2024-00000340,CU000088,Fire,2024-03-14,2025-03-14,64825.00,AG00021,BE0000340,BR0006,Cancelled,11944096.00,True
2024-02-25 10:00:00,seed_generator,2024-03-08 10:00:00,seed_generator,PO0000341,KE-2025-00000341,CU000070,Life,2025-09-11,2026-09-11,237703.00,AG00029,BE0000341,BR0006,Expired,8759850.00,True
2025-06-28 10:00:00,seed_generator,2025-07-03 10:00:00,seed_generator,PO0000342,KE-2025-00000342,CU000219,Fire,2025-02-27,2026-02-27,11055.00,AG00009,BE0000342,BR0012,Active,4246936.00,True
2025-06-29 10:00:00,seed_generator,2025-07-11 10:00:00,seed_generator,PO0000343,KE-2024-00000343,CU000027,Motor,2024-08-03,2025-08-03,30048.00,AG00005,BE0000343,BR0008,Active,236164.00,True
2023-10-25 10:00:00,seed_generator,2023-10-27 10:00:00,seed_generator,PO0000344,KE-2025-00000344,CU000027,Fire,2025-06-20,2026-06-20,73800.00,AG00040,BE0000344,BR0003,Active,14880743.00,True
2025-04-26 10:00:00,seed_generator,2025-05-03 10:00:00,seed_generator,PO0000345,KE-2024-00000345,CU000189,Fire,2024-11-12,2025-11-12,79494.00,AG00029,BE0000345,BR0011,Active,8862269.00,True
2025-11-11 10:00:00,seed_generator,2025-12-02 10:00:00,seed_generator,PO0000346,KE-2024-00000346,CU000092,Medical,2024-01-30,2025-01-29,230540.00,AG00021,BE0000346,BR0008,Active,2297374.00,True
2024-09-17 10:00:00,seed_generator,2024-09-21 10:00:00,seed_generator,PO0000347,KE-2025-00000347,CU000249,Life,2025-07-15,2026-07-15,187877.00,AG00035,BE0000347,BR0003,Active,7679527.00,True
2024-06-28 10:00:00,seed_generator,2024-07-18 10:00:00,seed_generator,PO0000348,KE-2025-00000348,CU000164,Travel,2025-03-21,2026-03-21,144928.00,AG00020,BE0000348,BR0006,Active,243161.00,True
2025-02-04 10:00:00,seed_generator,2025-02-15 10:00:00,seed_generator,PO0000349,KE-2025-00000349,CU000106,Motor,2025-03-28,2026-03-28,73106.00,AG00010,BE0000349,BR0005,Active,4404894.00,True
2025-02-26 10:00:00,seed_generator,2025-03-13 10:00:00,seed_generator,PO0000350,KE-2024-00000350,CU000137,Medical,2024-12-18,2025-12-18,7180.00,AG00032,BE0000350,BR0008,Active,1835376.00,True
2025-04-24 10:00:00,seed_generator,2025-05-19 10:00:00,seed_generator,PO0000351,KE-2025-00000351,CU000002,Life,2025-09-03,2026-09-03,148710.00,AG00024,BE0000351,BR0004,Active,9424541.00,True
2025-04-05 10:00:00,seed_generator,2025-04-10 10:00:00,seed_generator,PO0000352,KE-2025-00000352,CU000184,Fire,2025-02-08,2026-02-08,198231.00,AG00025,BE0000352,BR0007,Active,1353918.00,True
2025-04-15 10:00:00,seed_generator,2025-05-01 10:00:00,seed_generator,PO0000353,KE-2025-00000353,CU000196,Fire,2025-10-02,2026-10-02,214704.00,AG00040,BE0000353,BR0012,Expired,4801085.00,True
2024-10-20 10:00:00,seed_generator,2024-10-26 10:00:00,seed_generator,PO0000354,KE-2024-00000354,CU000219,Travel,2024-10-02,2025-10-02,22947.00,AG00012,BE0000354,BR0003,Active,672830.00,True
2024-09-09 10:00:00,seed_generator,2024-09-17 10:00:00,seed_generator,PO0000355,KE-2025-00000355,CU000180,Fire,2025-09-24,2026-09-24,168251.00,AG00032,BE0000355,BR0004,Active,2577641.00,True
2025-11-24 10:00:00,seed_generator,2025-11-29 10:00:00,seed_generator,PO0000356,KE-2025-00000356,CU000249,Motor,2025-07-01,2026-07-01,31810.00,AG00019,BE0000356,BR0005,Active,3692705.00,True
2025-09-15 10:00:00,seed_generator,2025-09-19 10:00:00,seed_generator,PO0000357,KE-2024-00000357,CU000004,Motor,2024-08-26,2025-08-26,134388.00,AG00014,BE0000357,BR0006,Active,4195846.00,True
2024-01-03 10:00:00,seed_generator,2024-01-28 10:00:00,seed_generator,PO0000358,KE-2025-00000358,CU000009,Life,2025-04-19,2026-04-19,91572.00,AG00006,BE0000358,BR0003,Active,6603744.00,True
2024-08-22 10:00:00,seed_generator,2024-08-27 10:00:00,seed_generator,PO0000359,KE-2025-00000359,CU000050,Motor,2025-07-10,2026-07-10,239802.00,AG00017,BE0000359,BR0007,Expired,1038087.00,True
2023-10-19 10:00:00,seed_generator,2023-11-02 10:00:00,seed_generator,PO0000360,KE-2025-00000360,CU000064,Medical,2025-01-29,2026-01-29,198362.00,AG00003,BE0000360,BR0004,Active,424098.00,True
2025-05-17 10:00:00,seed_generator,2025-06-01 10:00:00,seed_generator,PO0000361,KE-2025-00000361,CU000100,Travel,2025-11-12,2026-11-12,183636.00,AG00020,BE0000361,BR0006,Active,768611.00,True
2024-07-01 10:00:00,seed_generator,2024-07-04 10:00:00,seed_generator,PO0000362,KE-2025-00000362,CU000065,Motor,2025-07-16,2026-07-16,131151.00,AG00020,BE0000362,BR0004,Active,451941.00,True
2025-04-19 10:00:00,seed_generator,2025-05-09 10:00:00,seed_generator,PO0000363,KE-2024-00000363,CU000112,Medical,2024-04-25,2025-04-25,90069.00,AG00001,BE0000363,BR0003,Expired,2482396.00,True
2023-09-30 10:00:00,seed_generator,2023-10-07 10:00:00,seed_generator,PO0000364,KE-2025-00000364,CU000003,Motor,2025-02-09,2026-02-09,16008.00,AG00038,BE0000364,BR0012,Active,1315166.00,True
2025-04-06 10:00:00,seed_generator,2025-04-11 10:00:00,seed_generator,PO0000365,KE-2024-00000365,CU000128,Life,2024-04-01,2025-04-01,28960.00,AG00040,BE0000365,BR0006,Pending,1027511.00,True
2024-02-25 10:00:00,seed_generator,2024-02-29 10:00:00,seed_generator,PO0000366,KE-2024-00000366,CU000180,Motor,2024-12-30,2025-12-30,145601.00,AG00007,BE0000366,BR0003,Active,2672003.00,True
2023-11-03 10:00:00,seed_generator,2023-11-14 10:00:00,seed_generator,PO0000367,KE-2025-00000367,CU000207,Travel,2025-10-22,2026-10-22,238778.00,AG00029,BE0000367,BR0012,Active,727730.00,True
2023-12-06 10:00:00,seed_generator,2023-12-10 10:00:00,seed_generator,PO0000368,KE-2025-00000368,CU000065,Fire,2025-01-01,2026-01-01,240579.00,AG00003,BE0000368,BR0008,Expired,9403879.00,True
2024-01-03 10:00:00,seed_generator,2024-01-18 10:00:00,seed_generator,PO0000369,KE-2025-00000369,CU000049,Life,2025-07-09,2026-07-09,153557.00,AG00012,BE0000369,BR0009,Active,7878359.00,True
2024-05-28 10:00:00,seed_generator,2024-06-02 10:00:00,seed_generator,PO0000370,KE-2025-00000370,CU000018,Life,2025-09-05,2026-09-05,144234.00,AG00010,BE0000370,BR0008,Active,4438267.00,True
2024-09-08 10:00:00,seed_generator,2024-09-08 10:00:00,seed_generator,PO0000371,KE-2025-00000371,CU000199,Travel,2025-01-10,2026-01-10,172254.00,AG00033,BE0000371,BR0007,Expired,930821.00,True
2024-12-09 10:00:00,seed_generator,2025-01-02 10:00:00,seed_generator,PO0000372,KE-2025-00000372,CU000159,Motor,2025-09-26,2026-09-26,67596.00,AG00021,BE0000372,BR0012,Active,4536094.00,True
2024-06-28 10:00:00,seed_generator,2024-07-19 10:00:00,seed_generator,PO0000373,KE-2024-00000373,CU000128,Fire,2024-07-13,2025-07-13,205732.00,AG00036,BE0000373,BR0003,Cancelled,5437330.00,True
2025-01-21 10:00:00,seed_generator,2025-01-24 10:00:00,seed_generator,PO0000374,KE-2025-00000374,CU000025,Fire,2025-10-18,2026-10-18,142153.00,AG00005,BE0000374,BR0001,Expired,2202250.00,True
2025-05-24 10:00:00,seed_generator,2025-05-27 10:00:00,seed_generator,PO0000375,KE-2024-00000375,CU000125,Medical,2024-02-02,2025-02-01,55231.00,AG00007,BE0000375,BR0001,Active,1659901.00,True
2024-03-18 10:00:00,seed_generator,2024-04-09 10:00:00,seed_generator,PO0000376,KE-2025-00000376,CU000152,Fire,2025-06-22,2026-06-22,72092.00,AG00004,BE0000376,BR0006,Active,12068443.00,True
2025-05-17 10:00:00,seed_generator,2025-06-06 10:00:00,seed_generator,PO0000377,KE-2024-00000377,CU000126,Motor,2024-01-14,2025-01-13,248375.00,AG00006,BE0000377,BR0008,Expired,524190.00,True
2023-11-16 10:00:00,seed_generator,2023-12-16 10:00:00,seed_generator,PO0000378,KE-2025-00000378,CU000228,Life,2025-07-25,2026-07-25,114039.00,AG00024,BE0000378,BR0012,Active,4479646.00,True
2023-11-26 10:00:00,seed_generator,2023-11-28 10:00:00,seed_generator,PO0000379,KE-2024-00000379,CU000214,Travel,2024-02-11,2025-02-10,84666.00,AG00005,BE0000379,BR0004,Pending,106836.00,True
2024-06-20 10:00:00,seed_generator,2024-07-02 10:00:00,seed_generator,PO0000380,KE-2024-00000380,CU000049,Motor,2024-08-24,2025-08-24,55625.00,AG00034,BE0000380,BR0011,Active,1515704.00,True
2024-10-17 10:00:00,seed_generator,2024-11-09 10:00:00,seed_generator,PO0000381,KE-2025-00000381,CU000028,Travel,2025-07-25,2026-07-25,205876.00,AG00037,BE0000381,BR0006,Cancelled,741677.00,True
2025-06-29 10:00:00,seed_generator,2025-07-24 10:00:00,seed_generator,PO0000382,KE-2024-00000382,CU000047,Fire,2024-04-16,2025-04-16,149170.00,AG00026,BE0000382,BR0009,Active,2678760.00,True
2024-09-19 10:00:00,seed_generator,2024-10-18 10:00:00,seed_generator,PO0000383,KE-2025-00000383,CU000091,Travel,2025-09-06,2026-09-06,241581.00,AG00021,BE0000383,BR0009,Pending,345424.00,True
2023-10-26 10:00:00,seed_generator,2023-11-15 10:00:00,seed_generator,PO0000384,KE-2025-00000384,CU000111,Life,2025-02-26,2026-02-26,221571.00,AG00021,BE0000384,BR0010,Active,9174089.00,True
2023-10-24 10:00:00,seed_generator,2023-11-10 10:00:00,seed_generator,PO0000385,KE-2025-00000385,CU000238,Medical,2025-01-19,2026-01-19,200186.00,AG00017,BE0000385,BR0006,Pending,1906950.00,True
2023-12-04 10:00:00,seed_generator,2023-12-05 10:00:00,seed_generator,PO0000386,KE-2024-00000386,CU000073,Fire,2024-01-01,2024-12-31,161175.00,AG00002,BE0000386,BR0009,Active,14962167.00,True
2025-02-12 10:00:00,seed_generator,2025-02-19 10:00:00,seed_generator,PO0000387,KE-2024-00000387,CU000055,Life,2024-01-07,2025-01-06,229321.00,AG00021,BE0000387,BR0001,Expired,4649792.00,True
2024-05-26 10:00:00,seed_generator,2024-06-13 10:00:00,seed_generator,PO0000388,KE-2025-00000388,CU000238,Travel,2025-06-07,2026-06-07,154844.00,AG00010,BE0000388,BR0002,Active,377932.00,True
2025-03-20 10:00:00,seed_generator,2025-03-31 10:00:00,seed_generator,PO0000389,KE-2024-00000389,CU000228,Medical,2024-05-21,2025-05-21,157608.00,AG00016,BE0000389,BR0004,Active,1289559.00,True
2024-11-02 10:00:00,seed_generator,2024-11-20 10:00:00,seed_generator,PO0000390,KE-2025-00000390,CU000235,Motor,2025-08-07,2026-08-07,61999.00,AG00005,BE0000390,BR0012,Active,4062781.00,True
2023-08-24 10:00:00,seed_generator,2023-09-21 10:00:00,seed_generator,PO0000391,KE-2025-00000391,CU000177,Medical,2025-05-14,2026-05-14,189247.00,AG00037,BE0000391,BR0002,Active,1289940.00,True
2024-11-21 10:00:00,seed_generator,2024-11-23 10:00:00,seed_generator,PO0000392,KE-2025-00000392,CU000200,Motor,2025-08-13,2026-08-13,19659.00,AG00022,BE0000392,BR0006,Expired,3658209.00,True
2023-10-20 10:00:00,seed_generator,2023-10-27 10:00:00,seed_generator,PO0000393,KE-2024-00000393,CU000192,Fire,2024-05-03,2025-05-03,176122.00,AG00039,BE0000393,BR0001,Cancelled,10631448.00,True
2025-02-07 10:00:00,seed_generator,2025-02-23 10:00:00,seed_generator,PO0000394,KE-2024-00000394,CU000011,Fire,2024-02-25,2025-02-24,88706.00,AG00035,BE0000394,BR0010,Active,8453900.00,True
2025-10-26 10:00:00,seed_generator,2025-11-16 10:00:00,seed_generator,PO0000395,KE-2024-00000395,CU000188,Medical,2024-06-05,2025-06-05,107991.00,AG00029,BE0000395,BR0010,Active,407835.00,True
2025-02-23 10:00:00,seed_generator,2025-03-20 10:00:00,seed_generator,PO0000396,KE-2025-00000396,CU000101,Medical,2025-03-18,2026-03-18,43800.00,AG00009,BE0000396,BR0006,Active,2426795.00,True
2024-11-03 10:00:00,seed_generator,2024-11-11 10:00:00,seed_generator,PO0000397,KE-2025-00000397,CU000022,Motor,2025-07-15,2026-07-15,109471.00,AG00033,BE0000397,BR0007,Expired,1108666.00,True
2024-05-23 10:00:00,seed_generator,2024-05-29 10:00:00,seed_generator,PO0000398,KE-2025-00000398,CU000125,Medical,2025-05-07,2026-05-07,108630.00,AG00037,BE0000398,BR0004,Active,2228854.00,True
2025-10-04 10:00:00,seed_generator,2025-10-12 10:00:00,seed_generator,PO0000399,KE-2024-00000399,CU000199,Medical,2024-09-05,2025-09-05,117739.00,AG00021,BE0000399,BR0011,Expired,405787.00,True
2024-10-19 10:00:00,seed_generator,2024-11-01 10:00:00,seed_generator,PO0000400,KE-2025-00000400,CU000094,Motor,2025-11-18,2026-11-18,96306.00,AG00013,BE0000400,BR0006,Active,218061.00,True
